#pragma once
#include <stdint.h>

static constexpr uint16_t kFlowIoLogoWidth = 181;
static constexpr uint16_t kFlowIoLogoHeight = 86;
static const uint16_t kFlowIoLogoBitmap[] PROGMEM = {
    0xFFFF, 0xFFFF, 0xFFFF, 0xFFFF, 0xFFFF, 0xFFFF, 0xFFFF, 0xFFFF, 0xFFFF, 0xFFFF, 0xFFFF, 0xFFFF,
    0xFFFF, 0xFFFF, 0xFFFF, 0xFFFF, 0xFFFF, 0xFFFF, 0xFFFF, 0xFFFF, 0xFFFF, 0xFFFF, 0xFFFF, 0xFFFF,
    0xFFFF, 0xFFFF, 0xFFFF, 0xFFFF, 0xFFFF, 0xFFFF, 0xFFFF, 0xFFFF, 0xFFFF, 0xFFFF, 0xFFFF, 0xFFFF,
    0xFFFF, 0xFFFF, 0xFFFF, 0xFFFF, 0xFFFF, 0xFFFF, 0xFFFF, 0xFFFF, 0xFFFF, 0xFFFF, 0xFFFF, 0xFFFF,
    0xFFFF, 0xFFFF, 0xFFFF, 0xFFFF, 0xFFFF, 0xFFFF, 0xFFFF, 0xFFFF, 0xFFFF, 0xFFFF, 0xFFFF, 0xFFFF,
    0xFFFF, 0xFFFF, 0xFFFF, 0xFFFF, 0xFFFF, 0xFFFF, 0xFFFF, 0xFFFF, 0xFFFF, 0xFFFF, 0xFFFF, 0xFFFF,
    0xFFFF, 0xFFFF, 0xFFFF, 0xFFFF, 0xFFFF, 0xFFFF, 0xFFFF, 0xFFFF, 0xFFFF, 0xFFFF, 0xFFFF, 0xFFFF,
    0xFFFF, 0xFFFF, 0xFFFF, 0xFFFF, 0xFFFF, 0xFFFF, 0xFFFF, 0xFFFF, 0xFFFF, 0xFFFF, 0xFFFF, 0xFFFF,
    0xFFFF, 0xFFFF, 0xFFFF, 0xFFFF, 0xFFFF, 0xFFFF, 0xFFFF, 0xFFFF, 0xFFFF, 0xFFFF, 0xFFFF, 0xFFFF,
    0xFFFF, 0xFFFF, 0xFFFF, 0xFFFF, 0xFFFF, 0xFFFF, 0xFFFF, 0xFFFF, 0xFFFF, 0xFFFF, 0xFFFF, 0xFFFF,
    0xFFFF, 0xFFFF, 0xFFFF, 0xFFFF, 0xFFFF, 0xFFFF, 0xFFFF, 0xFFFF, 0xFFFF, 0xFFFF, 0xFFFF, 0xFFFF,
    0xFFFF, 0xFFFF, 0xFFFF, 0xFFFF, 0xFFFF, 0xFFFF, 0xFFFF, 0xFFFF, 0xFFFF, 0xFFFF, 0xFFFF, 0xFFFF,
    0xFFFF, 0xFFFF, 0xFFFF, 0xFFFF, 0xFFFF, 0xFFFF, 0xFFFF, 0xFFFF, 0xFFFF, 0xFFFF, 0xFFFF, 0xFFFF,
    0xFFFF, 0xFFFF, 0xFFFF, 0xFFFF, 0xFFFF, 0xFFFF, 0xFFFF, 0xFFFF, 0xFFFF, 0xFFFF, 0xFFFF, 0xFFFF,
    0xFFFF, 0xFFFF, 0xFFFF, 0xFFFF, 0xFFFF, 0xFFFF, 0xFFFF, 0xFFFF, 0xFFFF, 0xFFFF, 0xFFFF, 0xFFFF,
    0xFFFF, 0xFFFF, 0xFFFF, 0xFFFF, 0xFFFF, 0xFFFF, 0xFFFF, 0xFFFF, 0xFFFF, 0xFFFF, 0xFFFF, 0xFFFF,
    0xFFFF, 0xFFFF, 0xFFFF, 0xFFFF, 0xFFFF, 0xFFFF, 0xFFFF, 0xFFFF, 0xFFFF, 0xFFFF, 0xFFFF, 0xFFFF,
    0xFFFF, 0xFFFF, 0xFFFF, 0xFFFF, 0xFFFF, 0xFFFF, 0xFFFF, 0xFFFF, 0xFFFF, 0xFFFF, 0xFFFF, 0xFFFF,
    0xFFFF, 0xFFFF, 0xFFFF, 0xFFFF, 0xFFFF, 0xFFFF, 0xFFFF, 0xFFFF, 0xFFFF, 0xFFFF, 0xFFFF, 0xFFFF,
    0xFFFF, 0xFFFF, 0xFFFF, 0xFFFF, 0xFFFF, 0xFFFF, 0xFFFF, 0xFFFF, 0xFFFF, 0xFFFF, 0xFFFF, 0xFFFF,
    0xFFFF, 0xFFFF, 0xFFFF, 0xFFFF, 0xFFFF, 0xFFFF, 0xFFFF, 0xFFFF, 0xFFFF, 0xFFFF, 0xFFFF, 0xFFFF,
    0xFFFF, 0xFFFF, 0xFFFF, 0xFFFF, 0xFFFF, 0xFFFF, 0xFFFF, 0xFFFF, 0xFFFF, 0xFFFF, 0xFFFF, 0xFFFF,
    0xFFFF, 0xFFFF, 0xFFFF, 0xFFFF, 0xFFFF, 0xFFFF, 0xFFFF, 0xFFFF, 0xFFFF, 0xFFFF, 0xFFFF, 0xFFFF,
    0xFFFF, 0xFFFF, 0xFFFF, 0xFFFF, 0xFFFF, 0xFFFF, 0xFFFF, 0xFFFF, 0xFFFF, 0xFFFF, 0xFFFF, 0xFFFF,
    0xFFFF, 0xFFFF, 0xFFFF, 0xFFFF, 0xFFFF, 0xFFFF, 0xFFFF, 0xFFFF, 0xFFFF, 0xFFFF, 0xFFFF, 0xFFFF,
    0xFFFF, 0xFFFF, 0xFFFF, 0xFFFF, 0xFFFF, 0xFFFF, 0xFFFF, 0xFFFF, 0xFFFF, 0xFFFF, 0xFFFF, 0xFFFF,
    0xFFFF, 0xFFFF, 0xFFFF, 0xFFFF, 0xFFFF, 0xFFFF, 0xFFFF, 0xFFFF, 0xFFFF, 0xFFFF, 0xFFFF, 0xFFFF,
    0xFFFF, 0xFFFF, 0xFFFF, 0xFFFF, 0xFFFF, 0xFFFF, 0xFFFF, 0xFFFF, 0xFFFF, 0xFFFF, 0xFFFF, 0xFFFF,
    0xFFFF, 0xFFFF, 0xFFFF, 0xFFFF, 0xFFFF, 0xFFFF, 0xFFFF, 0xFFFF, 0xFFFF, 0xFFFF, 0xFFFF, 0xFFFF,
    0xFFFF, 0xFFFF, 0xFFFF, 0xFFFF, 0xFFFF, 0xFFFF, 0xFFFF, 0xFFFF, 0xFFFF, 0xFFFF, 0xFFFF, 0xFFFF,
    0xFFFF, 0xFFFF, 0xFFFF, 0xFFFF, 0xFFFF, 0xFFFF, 0xFFFF, 0xFFFF, 0xFFFF, 0xFFFF, 0xFFFF, 0xFFFF,
    0xFFFF, 0xFFFF, 0xFFFF, 0xFFFF, 0xFFFF, 0xFFFF, 0xFFFF, 0xFFFF, 0xFFFF, 0xFFFF, 0xFFFF, 0xFFFF,
    0xFFFF, 0xFFFF, 0xFFFF, 0xFFFF, 0xFFFF, 0xFFFF, 0xFFFF, 0xFFFF, 0xFFFF, 0xFFFF, 0xFFFF, 0xFFFF,
    0xFFFF, 0xFFFF, 0xFFFF, 0xFFFF, 0xFFFF, 0xFFFF, 0xFFFF, 0xFFFF, 0xFFFF, 0xFFFF, 0xFFFF, 0xFFFF,
    0xFFFF, 0xFFFF, 0xFFFF, 0xFFFF, 0xFFFF, 0xFFFF, 0xFFFF, 0xFFFF, 0xFFFF, 0xFFFF, 0xFFFF, 0xFFFF,
    0xFFFF, 0xFFFF, 0xFFFF, 0xFFFF, 0xFFFF, 0xFFFF, 0xFFFF, 0xFFFF, 0xFFFF, 0xFFFF, 0xFFFF, 0xFFFF,
    0xFFFF, 0xFFFF, 0xFFFF, 0xFFFF, 0xFFFF, 0xFFFF, 0xFFFF, 0xFFFF, 0xFFFF, 0xFFFF, 0xFFFF, 0xFFFF,
    0xFFFF, 0xFFFF, 0xFFFF, 0xFFFF, 0xFFFF, 0xFFFF, 0xFFFF, 0xFFFF, 0xFFFF, 0xFFFF, 0xFFFF, 0xFFFF,
    0xFFFF, 0xFFFF, 0xFFFF, 0xFFFF, 0xFFFF, 0xFFFF, 0xFFFF, 0xFFFF, 0xFFFF, 0xFFFF, 0xFFFF, 0xFFFF,
    0xFFFF, 0xFFFF, 0xFFFF, 0xFFFF, 0xFFFF, 0xFFFF, 0xFFFF, 0xFFFF, 0xFFFF, 0xFFFF, 0xFFFF, 0xFFFF,
    0xFFFF, 0xFFFF, 0xFFFF, 0xFFFF, 0xFFFF, 0xFFFF, 0xFFFF, 0xFFFF, 0xFFFF, 0xFFFF, 0xFFFF, 0xFFFF,
    0xFFFF, 0xFFFF, 0xFFFF, 0xFFFF, 0xFFFF, 0xFFFF, 0xFFFF, 0xFFFF, 0xFFFF, 0xFFFF, 0xFFFF, 0xFFFF,
    0xFFFF, 0xFFFF, 0xFFFF, 0xFFFF, 0xFFFF, 0xFFFF, 0xFFFF, 0xFFFF, 0xFFFF, 0xFFFF, 0xFFFF, 0xFFFF,
    0xFFFF, 0xFFFF, 0xFFFF, 0xFFFF, 0xFFFF, 0xFFFF, 0xFFFF, 0xFFFF, 0xFFFF, 0xFFFF, 0xFFFF, 0xFFFF,
    0xFFFF, 0xFFFF, 0xFFFF, 0xFFFF, 0xFFFF, 0xFFFF, 0xFFFF, 0xFFFF, 0xFFFF, 0xFFFF, 0xFFFF, 0xFFFF,
    0xFFFF, 0xFFFF, 0xFFFF, 0xFFFF, 0xFFFF, 0xFFFF, 0xFFFF, 0xFFFF, 0xFFFF, 0xFFFF, 0xFFFF, 0xFFFF,
    0xFFFF, 0xFFFF, 0xFFFF, 0xFFFF, 0xFFFF, 0xFFFF, 0xFFFF, 0xFFFF, 0xFFFF, 0xFFFF, 0xFFFF, 0xFFFF,
    0xFFFF, 0xFFFF, 0xFFFF, 0xFFFF, 0xFFFF, 0xFFFF, 0xFFFF, 0xFFFF, 0xFFFF, 0xFFFF, 0xFFFF, 0xFFFF,
    0xFFFF, 0xFFFF, 0xFFFF, 0xFFFF, 0xFFFF, 0xFFFF, 0xFFFF, 0xFFFF, 0xFFFF, 0xFFFF, 0xFFFF, 0xFFFF,
    0xFFFF, 0xFFFF, 0xFFFF, 0xFFFF, 0xFFFF, 0xFFFF, 0xFFFF, 0xFFFF, 0xFFFF, 0xFFFF, 0xFFFF, 0xFFFF,
    0xFFFF, 0xFFFF, 0xFFFF, 0xFFFF, 0xFFFF, 0xFFFF, 0xFFFF, 0xFFFF, 0xFFFF, 0xFFFF, 0xFFFF, 0xFFFF,
    0xFFFF, 0xFFFF, 0xFFFF, 0xFFFF, 0xFFFF, 0xFFFF, 0xFFFF, 0xFFFF, 0xFFFF, 0xFFFF, 0xFFFF, 0xFFFF,
    0xFFFF, 0xFFFF, 0xFFFF, 0xFFFF, 0xFFFF, 0xFFFF, 0xFFFF, 0xFFFF, 0xFFFF, 0xFFFF, 0xFFFF, 0xFFFF,
    0xFFFF, 0xFFFF, 0xFFFF, 0xFFFF, 0xFFFF, 0xFFFF, 0xFFFF, 0xFFFF, 0xFFFF, 0xFFFF, 0xFFFF, 0xFFFF,
    0xFFFF, 0xFFFF, 0xFFFF, 0xFFFF, 0xFFFF, 0xFFFF, 0xFFFF, 0xFFFF, 0xFFFF, 0xFFFF, 0xFFFF, 0xFFFF,
    0xFFFF, 0xFFFF, 0xFFFF, 0xFFFF, 0xFFFF, 0xFFFF, 0xFFFF, 0xFFFF, 0xFFFF, 0xFFFF, 0xFFFF, 0xFFFF,
    0xFFFF, 0xFFFF, 0xFFFF, 0xFFFF, 0xFFFF, 0xFFFF, 0xFFFF, 0xFFFF, 0xFFFF, 0xFFFF, 0xFFFF, 0xFFFF,
    0xFFFF, 0xFFFF, 0xFFFF, 0xFFFF, 0xFFFF, 0xFFFF, 0xFFFF, 0xFFFF, 0xFFFF, 0xFFFF, 0xFFFF, 0xFFFF,
    0xFFFF, 0xFFFF, 0xFFFF, 0xFFFF, 0xFFFF, 0xFFFF, 0xFFFF, 0xFFFF, 0xFFFF, 0xFFFF, 0xFFFF, 0xFFFF,
    0xFFFF, 0xFFFF, 0xFFFF, 0xFFFF, 0xFFFF, 0xFFFF, 0xFFFF, 0xFFFF, 0xFFFF, 0xFFFF, 0xFFFF, 0xFFFF,
    0xFFFF, 0xFFFF, 0xFFFF, 0xFFFF, 0xFFFF, 0xFFFF, 0xFFFF, 0xFFFF, 0xFFFF, 0xFFFF, 0xFFFF, 0xFFFF,
    0xFFFF, 0xFFFF, 0xFFFF, 0xFFFF, 0xFFFF, 0xFFFF, 0xFFFF, 0xFFFF, 0xFFFF, 0xFFFF, 0xFFFF, 0xFFFF,
    0xFFFF, 0xFFFF, 0xFFFF, 0xFFFF, 0xFFFF, 0xFFFF, 0xFFFF, 0xFFFF, 0xFFFF, 0xFFFF, 0xFFFF, 0xFFFF,
    0xFFFF, 0xFFFF, 0xFFFF, 0xFFFF, 0xFFFF, 0xFFFF, 0xFFFF, 0xFFFF, 0xFFFF, 0xFFFF, 0xFFFF, 0xFFFF,
    0xFFFF, 0xFFFF, 0xFFFF, 0xFFFF, 0xFFFF, 0xFFFF, 0xFFFF, 0xFFFF, 0xFFFF, 0xFFFF, 0xFFFF, 0xFFFF,
    0xFFFF, 0xFFFF, 0xFFFF, 0xFFFF, 0xFFFF, 0xFFFF, 0xFFFF, 0xFFFF, 0xFFFF, 0xFFFF, 0xFFFF, 0xFFFF,
    0xFFFF, 0xFFFF, 0xFFFF, 0xFFFF, 0xFFFF, 0xFFFF, 0xFFFF, 0xFFFF, 0xFFFF, 0xFFFF, 0xFFFF, 0xFFFF,
    0xFFFF, 0xFFFF, 0xFFFF, 0xFFFF, 0xFFFF, 0xFFFF, 0xFFFF, 0xFFFF, 0xFFFF, 0xFFFF, 0xFFFF, 0xFFFF,
    0xFFFF, 0xFFFF, 0xFFFF, 0xFFFF, 0xFFFF, 0xFFFF, 0xFFFF, 0xFFFF, 0xFFFF, 0xFFFF, 0xFFFF, 0xFFFF,
    0xFFFF, 0xFFFF, 0xFFFF, 0xFFFF, 0xFFFF, 0xFFFF, 0xFFFF, 0xFFFF, 0xFFFF, 0xFFFF, 0xFFFF, 0xFFFF,
    0xFFFF, 0xFFFF, 0xFFFF, 0xFFFF, 0xFFFF, 0xFFFF, 0xFFFF, 0xFFFF, 0xFFFF, 0xFFFF, 0xFFFF, 0xFFFF,
    0xFFFF, 0xFFFF, 0xFFFF, 0xFFFF, 0xFFFF, 0xFFFF, 0xFFFF, 0xFFFF, 0xFFFF, 0xFFFF, 0xFFFF, 0xFFFF,
    0xFFFF, 0xFFFF, 0xFFFF, 0xFFFF, 0xFFFF, 0xFFFF, 0xFFFF, 0xFFFF, 0xFFFF, 0xFFFF, 0xFFFF, 0xFFFF,
    0xFFFF, 0xFFFF, 0xFFFF, 0xFFFF, 0xFFFF, 0xFFFF, 0xFFFF, 0xFFFF, 0xFFFF, 0xFFFF, 0xFFFF, 0xFFFF,
    0xFFFF, 0xFFFF, 0xFFFF, 0xFFFF, 0xFFFF, 0xFFFF, 0xFFFF, 0xFFFF, 0xFFFF, 0xFFFF, 0xFFFF, 0xFFFF,
    0xFFFF, 0xFFFF, 0xFFFF, 0xFFFF, 0xFFFF, 0xFFFF, 0xFFFF, 0xFFFF, 0xFFFF, 0xFFFF, 0xFFFF, 0xFFFF,
    0xFFFF, 0xFFFF, 0xFFFF, 0xFFFF, 0xFFFF, 0xFFFF, 0xFFFF, 0xFFFF, 0xFFFF, 0xFFFF, 0xFFFF, 0xFFFF,
    0xFFFF, 0xFFFF, 0xFFFF, 0xFFFF, 0xFFFF, 0xFFFF, 0xFFFF, 0xFFFF, 0xFFFF, 0xFFFF, 0xFFFF, 0xFFFF,
    0xFFFF, 0xFFFF, 0xFFFF, 0xFFFF, 0xFFFF, 0xFFFF, 0xFFFF, 0xFFFF, 0xFFFF, 0xFFFF, 0xFFFF, 0xFFFF,
    0xFFFF, 0xFFFF, 0xFFFF, 0xFFFF, 0xFFFF, 0xFFFF, 0xFFFF, 0xFFFF, 0xFFFF, 0xFFFF, 0xFFFF, 0xFFFF,
    0xFFFF, 0xFFFF, 0xFFFF, 0xFFFF, 0xFFFF, 0xFFFF, 0xFFFF, 0xFFFF, 0xFFFF, 0xFFFF, 0xFFFF, 0xFFFF,
    0xFFFF, 0xFFFF, 0xFFFF, 0xFFFF, 0xFFFF, 0xFFFF, 0xFFFF, 0xFFFF, 0xFFFF, 0xFFFF, 0xFFFF, 0xFFFF,
    0xFFFF, 0xFFFF, 0xFFFF, 0xFFFF, 0xFFFF, 0xFFFF, 0xFFFF, 0xFFFF, 0xFFFF, 0xFFFF, 0xFFFF, 0xFFFF,
    0xFFFF, 0xFFFF, 0xFFFF, 0xFFFF, 0xFFFF, 0xFFFF, 0xFFFF, 0xFFFF, 0xFFFF, 0xFFFF, 0xFFFF, 0xFFFF,
    0xFFFF, 0xFFFF, 0xFFFF, 0xFFFF, 0xFFFF, 0xFFFF, 0xFFFF, 0xFFFF, 0xFFFF, 0xFFFF, 0xFFFF, 0xFFFF,
    0xFFFF, 0xFFFF, 0xFFFF, 0xFFFF, 0xFFFF, 0xFFFF, 0xFFFF, 0xFFFF, 0xFFFF, 0xFFFF, 0xFFFF, 0xFFFF,
    0xFFFF, 0xFFFF, 0xFFFF, 0xFFFF, 0xFFFF, 0xFFFF, 0xFFFF, 0xFFFF, 0xFFFF, 0xFFFF, 0xFFFF, 0xFFFF,
    0xFFFF, 0xFFFF, 0xFFFF, 0xFFFF, 0xFFFF, 0xFFFF, 0xFFFF, 0xFFFF, 0xFFFF, 0xFFFF, 0xFFFF, 0xFFFF,
    0xFFFF, 0xFFFF, 0xFFFF, 0xFFFF, 0xFFFF, 0xFFFF, 0xFFFF, 0xFFFF, 0xFFFF, 0xFFFF, 0xFFFF, 0xFFFF,
    0xFFFF, 0xFFFF, 0xFFFF, 0xFFFF, 0xFFFF, 0xFFFF, 0xFFFF, 0xFFFF, 0xFFFF, 0xFFFF, 0xFFFF, 0xFFFF,
    0xFFFF, 0xFFFF, 0xFFFF, 0xFFFF, 0xFFFF, 0xFFFF, 0xFFFF, 0xFFFF, 0xFFFF, 0xFFFF, 0xFFFF, 0xFFFF,
    0xFFFF, 0xFFFF, 0xFFFF, 0xFFFF, 0xFFFF, 0xFFFF, 0xFFFF, 0xFFFF, 0xFFFF, 0xFFFF, 0xFFFF, 0xFFFF,
    0xFFFF, 0xFFFF, 0xFFFF, 0xFFFF, 0xFFFF, 0xFFFF, 0xFFFF, 0xFFFF, 0xFFFF, 0xFFFF, 0xFFFF, 0xFFFF,
    0xFFFF, 0xFFFF, 0xFFFF, 0xFFFF, 0xFFFF, 0xFFFF, 0xFFFF, 0xFFFF, 0xFFFF, 0xFFFF, 0xFFFF, 0xFFFF,
    0xFFFF, 0xFFFF, 0xFFFF, 0xFFFF, 0xFFFF, 0xFFFF, 0xFFFF, 0xFFFF, 0xFFFF, 0xFFFF, 0xFFFF, 0xFFFF,
    0xFFFF, 0xFFFF, 0xFFFF, 0xFFFF, 0xFFFF, 0xFFFF, 0xFFFF, 0xFFFF, 0xFFFF, 0xFFFF, 0xFFFF, 0xFFFF,
    0xFFFF, 0xFFFF, 0xFFFF, 0xFFFF, 0xFFFF, 0xFFFF, 0xFFFF, 0xFFFF, 0xFFFF, 0xFFFF, 0xFFFF, 0xFFFF,
    0xFFFF, 0xFFFF, 0xFFFF, 0xFFFF, 0xFFFF, 0xFFFF, 0xFFFF, 0xFFFF, 0xFFFF, 0xFFFF, 0xFFFF, 0xFFFF,
    0xFFFF, 0xFFFF, 0xFFFF, 0xFFFF, 0xFFFF, 0xFFFF, 0xFFFF, 0xFFFF, 0xFFFF, 0xFFFF, 0xFFFF, 0xFFFF,
    0xFFFF, 0xFFFF, 0xFFFF, 0xFFFF, 0xFFFF, 0xFFFF, 0xFFFF, 0xFFFF, 0xFFFF, 0xFFFF, 0xFFFF, 0xFFFF,
    0xFFFF, 0xFFFF, 0xFFFF, 0xFFFF, 0xFFFF, 0xFFFF, 0xFFFF, 0xFFFF, 0xFFFF, 0xFFFF, 0xFFFF, 0xFFFF,
    0xFFFF, 0xFFFF, 0xFFFF, 0xFFFF, 0xFFFF, 0xFFFF, 0xFFFF, 0xFFFF, 0xFFFF, 0xFFFF, 0xFFFF, 0xFFFF,
    0xFFFF, 0xFFFF, 0xFFFF, 0xFFFF, 0xFFFF, 0xFFFF, 0xFFFF, 0xFFFF, 0xFFFF, 0xFFFF, 0xFFFF, 0xFFFF,
    0xFFFF, 0xFFFF, 0xFFFF, 0xFFFF, 0xFFFF, 0xFFFF, 0xFFFF, 0xFFFF, 0xFFFF, 0xFFFF, 0xFFFF, 0xFFFF,
    0xFFFF, 0xFFFF, 0xFFFF, 0xFFFF, 0xFFFF, 0xFFFF, 0xFFFF, 0xFFFF, 0xFFFF, 0xFFFF, 0xFFFF, 0xFFFF,
    0xFFFF, 0xFFFF, 0xFFFF, 0xFFFF, 0xFFFF, 0xFFFF, 0xFFFF, 0xFFFF, 0xFFFF, 0xFFFF, 0xFFFF, 0xFFFF,
    0xFFFF, 0xFFFF, 0xFFFF, 0xFFFF, 0xFFFF, 0xFFFF, 0xFFFF, 0xFFFF, 0xFFFF, 0xFFFF, 0xFFFF, 0xFFFF,
    0xFFFF, 0xFFFF, 0xFFFF, 0xFFFF, 0xFFFF, 0xFFFF, 0xFFFF, 0xFFFF, 0xFFFF, 0xFFFF, 0xFFFF, 0xFFFF,
    0xFFFF, 0xFFFF, 0xFFFF, 0xFFFF, 0xFFFF, 0xFFFF, 0xFFFF, 0xFFFF, 0xFFFF, 0xFFFF, 0xFFFF, 0xFFFF,
    0xFFFF, 0xFFFF, 0xFFFF, 0xFFFF, 0xFFFF, 0xFFFF, 0xFFFF, 0xFFFF, 0xFFFF, 0xFFFF, 0xFFFF, 0xFFFF,
    0xFFFF, 0xFFFF, 0xFFFF, 0xFFFF, 0xFFFF, 0xFFFF, 0xFFFF, 0xFFFF, 0xFFFF, 0xFFFF, 0xFFFF, 0xFFFF,
    0xFFFF, 0xFFFF, 0xFFFF, 0xFFFF, 0xFFFF, 0xEFDF, 0xC75E, 0xA6FD, 0x9EFD, 0x8EDD, 0x86DD, 0x86BD,
    0x86DD, 0x8EDD, 0x9EFD, 0xA71D, 0xBF3D, 0xCF7E, 0xF7DF, 0xFFFF, 0xFFFF, 0xFFFF, 0xFFFF, 0xFFFF,
    0xFFFF, 0xFFFF, 0xFFFF, 0xFFFF, 0xFFFF, 0xFFFF, 0xFFFF, 0xFFFF, 0xFFFF, 0xFFFF, 0xFFFF, 0xFFFF,
    0xFFFF, 0xFFFF, 0xFFFF, 0xFFFF, 0xFFFF, 0xFFFF, 0xFFFF, 0xFFFF, 0xFFFF, 0xFFFF, 0xFFFF, 0xFFFF,
    0xFFFF, 0xFFFF, 0xFFFF, 0xFFFF, 0xFFFF, 0xFFFF, 0xFFFF, 0xFFFF, 0xFFFF, 0xFFFF, 0xFFFF, 0xFFFF,
    0xFFFF, 0xFFFF, 0xFFFF, 0xFFFF, 0xFFFF, 0xFFFF, 0xFFFF, 0xFFFF, 0xFFFF, 0xFFFF, 0xFFFF, 0xFFFF,
    0xFFFF, 0xFFFF, 0xFFFF, 0xFFFF, 0xFFFF, 0xFFFF, 0xFFFF, 0xFFFF, 0xFFFF, 0xFFFF, 0xFFFF, 0xFFFF,
    0xFFFF, 0xFFFF, 0xFFFF, 0xFFFF, 0xFFFF, 0xFFFF, 0xFFFF, 0xFFFF, 0xFFFF, 0xFFFF, 0xFFFF, 0xFFFF,
    0xFFFF, 0xFFFF, 0xFFFF, 0xFFFF, 0xFFFF, 0xFFFF, 0xFFFF, 0xFFFF, 0xFFFF, 0xFFFF, 0xFFFF, 0xFFFF,
    0xFFFF, 0xFFFF, 0xFFFF, 0xFFFF, 0xFFFF, 0xFFFF, 0xFFFF, 0xFFFF, 0xFFFF, 0xFFFF, 0xFFFF, 0xFFFF,
    0xFFFF, 0xFFFF, 0xFFFF, 0xFFFF, 0xFFFF, 0xFFFF, 0xFFFF, 0xFFFF, 0xFFFF, 0xFFFF, 0xFFFF, 0xFFFF,
    0xFFFF, 0xFFFF, 0xFFFF, 0xFFFF, 0xFFFF, 0xFFFF, 0xFFFF, 0xFFFF, 0xFFFF, 0xFFFF, 0xFFFF, 0xFFFF,
    0xFFFF, 0xFFFF, 0xFFFF, 0xFFFF, 0xFFFF, 0xFFFF, 0xFFFF, 0xFFFF, 0xFFFF, 0xFFFF, 0xFFFF, 0xFFFF,
    0xFFFF, 0xFFFF, 0xFFFF, 0xFFFF, 0xFFFF, 0xFFFF, 0xFFFF, 0xFFFF, 0xFFFF, 0xFFFF, 0xFFFF, 0xFFFF,
    0xFFFF, 0xFFFF, 0xFFFF, 0xFFFF, 0xFFFF, 0xFFFF, 0xFFFF, 0xFFFF, 0xFFFF, 0xFFFF, 0xFFFF, 0xFFFF,
    0xFFFF, 0xFFFF, 0xDFBF, 0xA71D, 0x6E9C, 0x361B, 0x25FB, 0x2E1C, 0x363C, 0x2E1C, 0x2E1C, 0x2E1C,
    0x2E1C, 0x2E1C, 0x361C, 0x363C, 0x363C, 0x363C, 0x2E1C, 0x2E1C, 0x463C, 0x8EFD, 0xBF3E, 0xF7DF,
    0xFFFF, 0xFFFF, 0xFFFF, 0xFFFF, 0xFFFF, 0xFFFF, 0xFFFF, 0xFFFF, 0xFFFF, 0xFFFF, 0xFFFF, 0xFFFF,
    0xFFFF, 0xFFFF, 0xFFFF, 0xFFFF, 0xFFFF, 0xFFFF, 0xFFFF, 0xFFFF, 0xFFFF, 0xFFFF, 0xFFFF, 0xFFFF,
    0xFFFF, 0xFFFF, 0xFFFF, 0xFFFF, 0xFFFF, 0xFFFF, 0xFFFF, 0xFFFF, 0xFFFF, 0xFFFF, 0xFFFF, 0xFFFF,
    0xFFFF, 0xFFFF, 0xFFFF, 0xFFFF, 0xFFFF, 0xFFFF, 0xFFFF, 0xFFFF, 0xFFFF, 0xFFFF, 0xFFFF, 0xFFFF,
    0xFFFF, 0xFFFF, 0xFFFF, 0xFFFF, 0xFFFF, 0xFFFF, 0xFFFF, 0xFFFF, 0xFFFF, 0xFFFF, 0xFFFF, 0xFFFF,
    0xFFFF, 0xFFFF, 0xFFFF, 0xFFFF, 0xFFFF, 0xFFFF, 0xFFFF, 0xFFFF, 0xFFFF, 0xFFFF, 0xFFFF, 0xFFFF,
    0xFFFF, 0xFFFF, 0xFFFF, 0xFFFF, 0xFFFF, 0xFFFF, 0xFFFF, 0xFFFF, 0xFFFF, 0xFFFF, 0xFFFF, 0xFFFF,
    0xFFFF, 0xFFFF, 0xFFFF, 0xFFFF, 0xFFFF, 0xFFFF, 0xFFFF, 0xFFFF, 0xFFFF, 0xFFFF, 0xFFFF, 0xFFFF,
    0xFFFF, 0xFFFF, 0xFFFF, 0xFFFF, 0xFFFF, 0xFFFF, 0xFFFF, 0xFFFF, 0xFFFF, 0xFFFF, 0xFFFF, 0xFFFF,
    0xFFFF, 0xFFFF, 0xFFFF, 0xFFFF, 0xFFFF, 0xFFFF, 0xFFFF, 0xFFFF, 0xFFFF, 0xFFFF, 0xFFFF, 0xFFFF,
    0xFFFF, 0xFFFF, 0xFFFF, 0xFFFF, 0xFFFF, 0xFFFF, 0xFFFF, 0xFFFF, 0xFFFF, 0xFFFF, 0xFFFF, 0xFFFF,
    0xFFFF, 0xFFFF, 0xFFFF, 0xFFFF, 0xFFFF, 0xFFFF, 0xFFFF, 0xFFFF, 0xFFFF, 0xFFFF, 0xFFFF, 0xFFFF,
    0xFFFF, 0xFFFF, 0xFFFF, 0xFFFF, 0xFFFF, 0xFFFF, 0xFFFF, 0xFFFF, 0xFFFF, 0xFFFF, 0xFFFF, 0xFFFF,
    0xD77E, 0x96DD, 0x35FB, 0x2DFB, 0x361C, 0x363C, 0x363C, 0x361C, 0x363C, 0x361C, 0x363C, 0x2E1C,
    0x2E1C, 0x2E1C, 0x2E3C, 0x363C, 0x363C, 0x363C, 0x361C, 0x363C, 0x363C, 0x365C, 0x365C, 0x363C,
    0x2E1C, 0x5E7C, 0xB73D, 0xF7FF, 0xFFFF, 0xFFFF, 0xFFFF, 0xFFFF, 0xFFFF, 0xFFFF, 0xFFFF, 0xFFFF,
    0xFFFF, 0xFFFF, 0xFFFF, 0xFFFF, 0xFFFF, 0xFFFF, 0xFFFF, 0xFFFF, 0xFFFF, 0xFFFF, 0xFFFF, 0xFFFF,
    0xFFFF, 0xFFFF, 0xFFFF, 0xFFFF, 0xFFFF, 0xFFFF, 0xFFFF, 0xFFFF, 0xFFFF, 0xFFFF, 0xFFFF, 0xFFFF,
    0xFFFF, 0xFFFF, 0xFFFF, 0xFFFF, 0xFFFF, 0xFFFF, 0xFFFF, 0xFFFF, 0xFFFF, 0xFFFF, 0xFFFF, 0xFFFF,
    0xFFFF, 0xFFFF, 0xFFFF, 0xFFFF, 0xFFFF, 0xFFFF, 0xFFFF, 0xFFFF, 0xFFFF, 0xFFFF, 0xFFFF, 0xFFFF,
    0xFFFF, 0xFFFF, 0xFFFF, 0xFFFF, 0xFFFF, 0xFFFF, 0xFFFF, 0xFFFF, 0xFFFF, 0xFFFF, 0xFFFF, 0xFFFF,
    0xFFFF, 0xFFFF, 0xFFFF, 0xFFFF, 0xFFFF, 0xFFFF, 0xFFFF, 0xFFFF, 0xFFFF, 0xFFFF, 0xFFFF, 0xFFFF,
    0xFFFF, 0xFFFF, 0xFFFF, 0xFFFF, 0xFFFF, 0xFFFF, 0xFFFF, 0xFFFF, 0xFFFF, 0xFFFF, 0xFFFF, 0xFFFF,
    0xFFFF, 0xFFFF, 0xFFFF, 0xFFFF, 0xFFFF, 0xFFFF, 0xFFFF, 0xFFFF, 0xFFFF, 0xFFFF, 0xFFFF, 0xFFFF,
    0xFFFF, 0xFFFF, 0xFFFF, 0xFFFF, 0xFFFF, 0xFFFF, 0xFFFF, 0xFFFF, 0xFFFF, 0xFFFF, 0xFFFF, 0xFFFF,
    0xFFFF, 0xFFFF, 0xFFFF, 0xFFFF, 0xFFFF, 0xFFFF, 0xFFFF, 0xFFFF, 0xFFFF, 0xFFFF, 0xFFFF, 0xFFFF,
    0xFFFF, 0xFFFF, 0xFFFF, 0xFFFF, 0xFFFF, 0xFFFF, 0xFFFF, 0xFFFF, 0xFFFF, 0xFFFF, 0xFFFF, 0xFFFF,
    0xFFFF, 0xFFFF, 0xFFFF, 0xFFFF, 0xFFFF, 0xFFFF, 0xFFFF, 0xFFFF, 0xFFFF, 0xFFFF, 0xFFFF, 0xB73D,
    0x4E3B, 0x2E1C, 0x363C, 0x363C, 0x361C, 0x363C, 0x363C, 0x363C, 0x363C, 0x363C, 0x361C, 0x361C,
    0x2E1C, 0x2E1C, 0x2E3C, 0x2E1C, 0x363C, 0x361C, 0x363C, 0x363C, 0x363C, 0x363C, 0x365C, 0x363C,
    0x363C, 0x363C, 0x3E5C, 0x365C, 0x3E1B, 0x96DD, 0xE7BF, 0xFFFF, 0xFFFF, 0xFFFF, 0xFFFF, 0xFFFF,
    0xFFFF, 0xFFFF, 0xFFFF, 0xFFFF, 0xFFFF, 0xFFFF, 0xFFFF, 0xFFFF, 0xFFFF, 0xFFFF, 0xFFFF, 0xFFFF,
    0xFFFF, 0xFFFF, 0xFFFF, 0xFFFF, 0xFFFF, 0xFFFF, 0xFFFF, 0xFFFF, 0xFFFF, 0xFFFF, 0xFFFF, 0xFFFF,
    0xFFFF, 0xFFFF, 0xFFFF, 0xFFFF, 0xFFFF, 0xFFFF, 0xFFFF, 0xFFFF, 0xFFFF, 0xFFFF, 0xFFFF, 0xFFFF,
    0xFFFF, 0xFFFF, 0xFFFF, 0xFFFF, 0xFFFF, 0xFFFF, 0xFFFF, 0xFFFF, 0xFFFF, 0xFFFF, 0xFFFF, 0xFFFF,
    0xFFFF, 0xFFFF, 0xFFFF, 0xFFFF, 0xFFFF, 0xFFFF, 0xFFFF, 0xFFFF, 0xFFFF, 0xFFFF, 0xFFFF, 0xFFFF,
    0xFFFF, 0xFFFF, 0xFFFF, 0xFFFF, 0xFFFF, 0xFFFF, 0xFFFF, 0xFFFF, 0xFFFF, 0xFFFF, 0xFFFF, 0xFFFF,
    0xFFFF, 0xFFFF, 0xFFFF, 0xFFFF, 0xFFFF, 0xFFFF, 0xFFFF, 0xFFFF, 0xFFFF, 0xFFFF, 0xFFFF, 0xFFFF,
    0xFFFF, 0xFFFF, 0xFFFF, 0xFFFF, 0xFFFF, 0xFFFF, 0xFFFF, 0xFFFF, 0xFFFF, 0xFFFF, 0xFFFF, 0xFFFF,
    0xFFFF, 0xFFFF, 0xFFFF, 0xFFFF, 0xFFFF, 0xFFFF, 0xFFFF, 0xFFFF, 0xFFFF, 0xFFFF, 0xFFFF, 0xFFFF,
    0xFFFF, 0xFFFF, 0xFFFF, 0xFFFF, 0xFFFF, 0xFFFF, 0xFFFF, 0xFFFF, 0xFFFF, 0xFFFF, 0xFFFF, 0xFFFF,
    0xFFFF, 0xFFFF, 0xFFFF, 0xFFFF, 0xFFFF, 0xFFFF, 0xFFFF, 0xFFFF, 0xFFFF, 0xFFFF, 0xFFFF, 0xFFFF,
    0xFFFF, 0xFFFF, 0xFFFF, 0xFFFF, 0xFFFF, 0xFFFF, 0xFFFF, 0xFFFF, 0xFFFF, 0xFFFF, 0xAF1D, 0x35DB,
    0x2E1B, 0x2E1C, 0x2E1C, 0x2E1C, 0x2E1C, 0x2E1B, 0x2E1B, 0x2E1B, 0x2E1C, 0x2E1B, 0x2E1C, 0x2E1B,
    0x2E1C, 0x2E3C, 0x2E3C, 0x2E3C, 0x2E3C, 0x363C, 0x363C, 0x363B, 0x363C, 0x363C, 0x363C, 0x363C,
    0x363C, 0x2E3C, 0x363C, 0x363C, 0x363C, 0x363C, 0x365C, 0x2E1B, 0x769C, 0xE7BF, 0xFFFF, 0xFFFF,
    0xFFFF, 0xFFFF, 0xFFFF, 0xFFFF, 0xFFFF, 0xFFFF, 0xFFFF, 0xFFFF, 0xFFFF, 0xFFFF, 0xFFFF, 0xFFFF,
    0xFFFF, 0xFFFF, 0xFFFF, 0xFFFF, 0xFFFF, 0xFFFF, 0xFFFF, 0xFFFF, 0xFFFF, 0xFFFF, 0xFFFF, 0xFFFF,
    0xFFFF, 0xFFFF, 0xFFFF, 0xFFFF, 0xFFFF, 0xFFFF, 0xFFFF, 0xFFFF, 0xFFFF, 0xFFFF, 0xFFFF, 0xFFFF,
    0xFFFF, 0xFFFF, 0xFFFF, 0xFFFF, 0xFFFF, 0xFFFF, 0xFFFF, 0xFFFF, 0xFFFF, 0xFFFF, 0xFFFF, 0xFFFF,
    0xFFFF, 0xFFFF, 0xFFFF, 0xFFFF, 0xFFFF, 0xFFFF, 0xFFFF, 0xFFFF, 0xFFFF, 0xFFFF, 0xFFFF, 0xFFFF,
    0xFFFF, 0xFFFF, 0xFFFF, 0xFFFF, 0xFFFF, 0xFFFF, 0xFFFF, 0xFFFF, 0xFFFF, 0xFFFF, 0xFFFF, 0xFFFF,
    0xFFFF, 0xFFFF, 0xFFFF, 0xFFFF, 0xFFFF, 0xFFFF, 0xFFFF, 0xFFFF, 0xFFFF, 0xFFFF, 0xFFFF, 0xFFFF,
    0xFFFF, 0xFFFF, 0xFFFF, 0xFFFF, 0xFFFF, 0xFFFF, 0xFFFF, 0xFFFF, 0xFFFF, 0xFFFF, 0xFFFF, 0xFFFF,
    0xFFFF, 0xFFFF, 0xFFFF, 0xFFFF, 0xFFFF, 0xFFFF, 0xFFFF, 0xFFFF, 0xFFFF, 0xFFFF, 0xFFFF, 0xFFFF,
    0xFFFF, 0xFFFF, 0xFFFF, 0xFFFF, 0xFFFF, 0xFFFF, 0xFFFF, 0xFFFF, 0xFFFF, 0xFFFF, 0xFFFF, 0xFFFF,
    0xFFFF, 0xFFFF, 0xFFFF, 0xFFFF, 0xFFFF, 0xFFFF, 0xFFFF, 0xFFFF, 0xFFFF, 0xFFFF, 0xFFFF, 0xFFFF,
    0xFFFF, 0xFFFF, 0xFFFF, 0xFFFF, 0xFFFF, 0xFFFF, 0xFFFF, 0xFFFF, 0xFFFF, 0xD79E, 0x4E1B, 0x2DFB,
    0x361C, 0x361C, 0x2E1C, 0x2E1C, 0x2E3C, 0x2E3C, 0x2E1B, 0x2E1B, 0x2E1B, 0x2E1B, 0x2E1C, 0x2E1C,
    0x361B, 0x2E1C, 0x2E3C, 0x2E3C, 0x2E3C, 0x2E3C, 0x2E1C, 0x363C, 0x363C, 0x363C, 0x363C, 0x363C,
    0x363C, 0x363C, 0x2E3C, 0x2E3C, 0x363C, 0x363C, 0x363C, 0x363C, 0x363C, 0x365C, 0x361C, 0x8EDD,
    0xEFDF, 0xFFFF, 0xFFFF, 0xFFFF, 0xFFFF, 0xFFFF, 0xFFFF, 0xFFFF, 0xFFFF, 0xFFFF, 0xFFFF, 0xFFFF,
    0xFFFF, 0xFFFF, 0xFFFF, 0xFFFF, 0xFFFF, 0xFFFF, 0xFFFF, 0xFFFF, 0xFFFF, 0xFFFF, 0xFFFF, 0xFFFF,
    0xFFFF, 0xFFFF, 0xFFFF, 0xFFFF, 0xFFFF, 0xFFFF, 0xFFFF, 0xFFFF, 0xFFFF, 0xFFFF, 0xFFFF, 0xFFFF,
    0xFFFF, 0xFFFF, 0xFFFF, 0xFFFF, 0xFFFF, 0xFFFF, 0xFFFF, 0xFFFF, 0xFFFF, 0xFFFF, 0xFFFF, 0xFFFF,
    0xFFFF, 0xFFFF, 0xFFFF, 0xFFFF, 0xFFFF, 0xFFFF, 0xFFFF, 0xFFFF, 0xFFFF, 0xFFFF, 0xFFFF, 0xFFFF,
    0xFFFF, 0xFFFF, 0xFFFF, 0xFFFF, 0xFFFF, 0xFFFF, 0xFFFF, 0xFFFF, 0xFFFF, 0xFFFF, 0xFFFF, 0xFFFF,
    0xFFFF, 0xFFFF, 0xFFFF, 0xFFFF, 0xFFFF, 0xFFFF, 0xFFFF, 0xFFFF, 0xFFFF, 0xFFFF, 0xFFFF, 0xFFFF,
    0xFFFF, 0xFFFF, 0xFFFF, 0xFFFF, 0xFFFF, 0xFFFF, 0xFFFF, 0xFFFF, 0xFFFF, 0xFFFF, 0xFFFF, 0xFFFF,
    0xFFFF, 0xFFFF, 0xFFFF, 0xFFFF, 0xFFFF, 0xFFFF, 0xFFFF, 0xFFFF, 0xFFFF, 0xFFFF, 0xFFFF, 0xFFFF,
    0xFFFF, 0xFFFF, 0xFFFF, 0xFFFF, 0xFFFF, 0xFFFF, 0xFFFF, 0xFFFF, 0xFFFF, 0xFFFF, 0xFFFF, 0xFFFF,
    0xFFFF, 0xFFFF, 0xFFFF, 0xFFFF, 0xFFFF, 0xFFFF, 0xFFFF, 0xFFFF, 0xFFFF, 0xFFFF, 0xFFFF, 0xFFFF,
    0xFFFF, 0xFFFF, 0xFFFF, 0xFFFF, 0xFFFF, 0xFFFF, 0xFFFF, 0xFFFF, 0xFFFF, 0x8EDC, 0x2DFB, 0x361C,
    0x361B, 0x361B, 0x361B, 0x2E1C, 0x2E1C, 0x2E1C, 0x2E1B, 0x2E1B, 0x2E1B, 0x2E1B, 0x361B, 0x2E1B,
    0x2E1B, 0x2E1B, 0x2E1C, 0x2E3C, 0x2E3C, 0x2E3C, 0x2E1C, 0x2E3B, 0x2E3C, 0x363B, 0x363C, 0x363C,
    0x363C, 0x2E3C, 0x363C, 0x363C, 0x2E3C, 0x2E3C, 0x363C, 0x363C, 0x363C, 0x363C, 0x363C, 0x365C,
    0x365C, 0x361B, 0xA71D, 0xFFFF, 0xFFFF, 0xFFFF, 0xFFFF, 0xFFFF, 0xFFFF, 0xFFFF, 0xFFFF, 0xFFFF,
    0xFFFF, 0xFFFF, 0xFFFF, 0xFFFF, 0xFFFF, 0xFFFF, 0xFFFF, 0xFFFF, 0xFFFF, 0xFFFF, 0xFFFF, 0xFFFF,
    0xFFFF, 0xFFFF, 0xFFFF, 0xFFFF, 0xFFFF, 0xFFFF, 0xFFFF, 0xFFFF, 0xFFFF, 0xFFFF, 0xFFFF, 0xFFFF,
    0xFFFF, 0xFFFF, 0xFFFF, 0xFFFF, 0xFFFF, 0xFFFF, 0xFFFF, 0xFFFF, 0xFFFF, 0xFFFF, 0xFFFF, 0xFFFF,
    0xFFFF, 0xFFFF, 0xFFFF, 0xFFFF, 0xFFFF, 0xFFFF, 0xFFFF, 0xFFFF, 0xFFFF, 0xFFFF, 0xFFFF, 0xFFFF,
    0xFFFF, 0xFFFF, 0xFFFF, 0xFFFF, 0xFFFF, 0xFFFF, 0xFFFF, 0xFFFF, 0xFFFF, 0xFFFF, 0xFFFF, 0xFFFF,
    0xFFFF, 0xFFFF, 0xFFFF, 0xFFFF, 0xFFFF, 0xFFFF, 0xFFFF, 0xFFFF, 0xFFFF, 0xFFFF, 0xFFFF, 0xFFFF,
    0xFFFF, 0xFFFF, 0xFFFF, 0xFFFF, 0xFFFF, 0xFFFF, 0xFFFF, 0xFFFF, 0xFFFF, 0xFFFF, 0xFFFF, 0xFFFF,
    0xFFFF, 0xFFFF, 0xFFFF, 0xFFFF, 0xFFFF, 0xFFFF, 0xFFFF, 0xFFFF, 0xFFFF, 0xFFFF, 0xFFFF, 0xFFFF,
    0xFFFF, 0xFFFF, 0xFFFF, 0xFFFF, 0xFFFF, 0xFFFF, 0xFFFF, 0xFFFF, 0xFFFF, 0xFFFF, 0xFFFF, 0xFFFF,
    0xFFFF, 0xFFFF, 0xFFFF, 0xFFFF, 0xFFFF, 0xFFFF, 0xFFFF, 0xFFFF, 0xFFFF, 0xFFFF, 0xFFFF, 0xFFFF,
    0xFFFF, 0xFFFF, 0xFFFF, 0xFFFF, 0xFFFF, 0xFFFF, 0xFFFF, 0xFFFF, 0xE7BF, 0x5E5C, 0x2DFB, 0x361B,
    0x361B, 0x361B, 0x361B, 0x361B, 0x2E1B, 0x2E1C, 0x2E1C, 0x2E1B, 0x2E1B, 0x2E1B, 0x361B, 0x2E1B,
    0x2E1C, 0x2E1C, 0x2E1C, 0x2E1C, 0x2E3C, 0x2E3C, 0x2E3C, 0x2E3C, 0x363C, 0x363C, 0x363C, 0x363C,
    0x363C, 0x363C, 0x363C, 0x363C, 0x363C, 0x2E3C, 0x363C, 0x363C, 0x365C, 0x363C, 0x363C, 0x363C,
    0x365C, 0x365C, 0x365C, 0x365C, 0x4E5C, 0xD77E, 0xFFFF, 0xFFFF, 0xFFFF, 0xFFFF, 0xFFFF, 0xFFFF,
    0xFFFF, 0xFFFF, 0xFFFF, 0xFFFF, 0xFFFF, 0xFFFF, 0xFFFF, 0xFFFF, 0xFFFF, 0xFFFF, 0xFFFF, 0xFFFF,
    0xFFFF, 0xFFFF, 0xFFFF, 0xFFFF, 0xFFFF, 0xFFFF, 0xFFFF, 0xFFFF, 0xFFFF, 0xFFFF, 0xFFFF, 0xFFFF,
    0xFFFF, 0xFFFF, 0xFFFF, 0xFFFF, 0xFFFF, 0xFFFF, 0xFFFF, 0xFFFF, 0xFFFF, 0xFFFF, 0xFFFF, 0xFFFF,
    0xFFFF, 0xFFFF, 0xFFFF, 0xFFFF, 0xFFFF, 0xFFFF, 0xFFFF, 0xFFFF, 0xFFFF, 0xFFFF, 0xFFFF, 0xFFFF,
    0xFFFF, 0xFFFF, 0xFFFF, 0xFFFF, 0xFFFF, 0xFFFF, 0xFFFF, 0xFFFF, 0xFFFF, 0xFFFF, 0xFFFF, 0xFFFF,
    0xFFFF, 0xFFFF, 0xFFFF, 0xFFFF, 0xFFFF, 0xFFFF, 0xFFFF, 0xFFFF, 0xFFFF, 0xFFFF, 0xFFFF, 0xFFFF,
    0xFFFF, 0xFFFF, 0xFFFF, 0xFFFF, 0xFFFF, 0xFFFF, 0xFFFF, 0xFFFF, 0xFFFF, 0xFFFF, 0xFFFF, 0xFFFF,
    0xFFFF, 0xFFFF, 0xFFFF, 0xFFFF, 0xFFFF, 0xFFFF, 0xFFFF, 0xFFFF, 0xFFFF, 0xFFFF, 0xFFFF, 0xFFFF,
    0xFFFF, 0xFFFF, 0xFFFF, 0xFFFF, 0xFFFF, 0xFFFF, 0xFFFF, 0xFFFF, 0xFFFF, 0xFFFF, 0xFFFF, 0xFFFF,
    0xFFFF, 0xFFFF, 0xFFFF, 0xFFFF, 0xFFFF, 0xFFFF, 0xFFFF, 0xFFFF, 0xFFFF, 0xFFFF, 0xFFFF, 0xFFFF,
    0xFFFF, 0xFFFF, 0xFFFF, 0xFFFF, 0xFFFF, 0xFFFF, 0xFFFF, 0xFFFF, 0xCF7E, 0x3DFB, 0x2DFB, 0x2DFB,
    0x2DDB, 0x2DFB, 0x2DFB, 0x2DDB, 0x2DDB, 0x25DB, 0x25DB, 0x25DB, 0x25DA, 0x25BA, 0x25BA, 0x25DA,
    0x25BB, 0x25DA, 0x25DB, 0x25DB, 0x2DFB, 0x2E1B, 0x2E3C, 0x2E3C, 0x2E3C, 0x2E3B, 0x363C, 0x2E3C,
    0x2E3C, 0x2E3B, 0x363C, 0x363C, 0x363C, 0x2E3C, 0x2E3C, 0x2E3C, 0x363C, 0x363C, 0x363C, 0x363B,
    0x363C, 0x363C, 0x363C, 0x363C, 0x363C, 0x363C, 0x2E1C, 0x769C, 0xF7DF, 0xFFFF, 0xFFFF, 0xFFFF,
    0xFFFF, 0xFFFF, 0xFFFF, 0xFFFF, 0xFFFF, 0xFFFF, 0xFFFF, 0xFFFF, 0xFFFF, 0xFFFF, 0xFFFF, 0xFFFF,
    0xFFFF, 0xFFFF, 0xFFFF, 0xFFFF, 0xFFFF, 0xFFFF, 0xFFFF, 0xFFFF, 0xFFFF, 0xFFFF, 0xFFFF, 0xFFFF,
    0xFFFF, 0xFFFF, 0xFFFF, 0xFFFF, 0xFFFF, 0xFFFF, 0xFFFF, 0xFFFF, 0xFFFF, 0xFFFF, 0xFFFF, 0xFFFF,
    0xFFFF, 0xFFFF, 0xFFFF, 0xFFFF, 0xFFFF, 0xFFFF, 0xFFFF, 0xFFFF, 0xFFFF, 0xFFFF, 0xFFFF, 0xFFFF,
    0xFFFF, 0xFFFF, 0xFFFF, 0xFFFF, 0xFFFF, 0xFFFF, 0xFFFF, 0xFFFF, 0xFFFF, 0xFFFF, 0xFFFF, 0xFFFF,
    0xFFFF, 0xFFFF, 0xFFFF, 0xFFFF, 0xFFFF, 0xFFFF, 0xFFFF, 0xFFFF, 0xFFFF, 0xFFFF, 0xFFFF, 0xFFFF,
    0xFFFF, 0xFFFF, 0xFFFF, 0xFFFF, 0xFFFF, 0xFFFF, 0xFFFF, 0xFFFF, 0xFFFF, 0xFFFF, 0xFFFF, 0xFFFF,
    0xFFFF, 0xFFFF, 0xFFFF, 0xFFFF, 0xFFFF, 0xFFFF, 0xFFFF, 0xFFFF, 0xFFFF, 0xFFFF, 0xFFFF, 0xFFFF,
    0xFFFF, 0xFFFF, 0xFFFF, 0xFFFF, 0xFFFF, 0xFFFF, 0xFFFF, 0xFFFF, 0xFFFF, 0xFFFF, 0xFFFF, 0xFFFF,
    0xFFFF, 0xFFFF, 0xFFFF, 0xFFFF, 0xFFFF, 0xFFFF, 0xFFFF, 0xFFFF, 0xFFFF, 0xFFFF, 0xFFFF, 0xFFFF,
    0xFFFF, 0xFFFF, 0xFFFF, 0xFFFF, 0xFFFF, 0xFFFF, 0xFFFF, 0xFFFF, 0xAF1D, 0x2DDB, 0x2DDB, 0x2DDB,
    0x25DA, 0x25DB, 0x2DDB, 0x25DB, 0x2DDA, 0x25DB, 0x25BB, 0x25DB, 0x25BA, 0x25DA, 0x25BA, 0x25BA,
    0x25BA, 0x25BA, 0x25BA, 0x25BA, 0x25BA, 0x25BA, 0x25BA, 0x25BA, 0x25DB, 0x2E1B, 0x2E1B, 0x2E3B,
    0x363C, 0x363C, 0x2E3C, 0x363C, 0x2E3C, 0x363C, 0x2E3C, 0x2E3C, 0x2E3C, 0x363C, 0x363C, 0x363B,
    0x363B, 0x363C, 0x363C, 0x363C, 0x363C, 0x363C, 0x363C, 0x363C, 0x2E3C, 0x361C, 0xCF7E, 0xFFFF,
    0xFFFF, 0xFFFF, 0xFFFF, 0xFFFF, 0xFFFF, 0xFFFF, 0xFFFF, 0xFFFF, 0xFFFF, 0xFFFF, 0xFFFF, 0xFFFF,
    0xFFFF, 0xFFFF, 0xFFFF, 0xFFFF, 0xFFFF, 0xFFFF, 0xFFFF, 0xFFFF, 0xFFFF, 0xFFFF, 0xFFFF, 0xFFFF,
    0xFFFF, 0xFFFF, 0xFFFF, 0xFFFF, 0xFFFF, 0xFFFF, 0xFFFF, 0xFFFF, 0xFFFF, 0xFFFF, 0xFFFF, 0xFFFF,
    0xFFFF, 0xFFFF, 0xFFFF, 0xFFFF, 0xFFFF, 0xFFFF, 0xFFFF, 0xFFFF, 0xFFFF, 0xFFFF, 0xFFFF, 0xFFFF,
    0xFFFF, 0xFFFF, 0xFFFF, 0xFFFF, 0xFFFF, 0xFFFF, 0xFFFF, 0xFFFF, 0xFFFF, 0xFFFF, 0xFFFF, 0xFFFF,
    0xFFFF, 0xFFFF, 0xFFFF, 0xFFFF, 0xFFFF, 0xFFFF, 0xFFFF, 0xFFFF, 0xFFFF, 0xFFFF, 0xFFFF, 0xFFFF,
    0xFFFF, 0xFFFF, 0xFFFF, 0xFFFF, 0xFFFF, 0xFFFF, 0xFFFF, 0xFFFF, 0xFFFF, 0xFFFF, 0xFFFF, 0xFFFF,
    0xFFFF, 0xFFFF, 0xFFFF, 0xFFFF, 0xFFFF, 0xFFFF, 0xFFFF, 0xFFFF, 0xFFFF, 0xFFFF, 0xFFFF, 0xFFFF,
    0xFFFF, 0xFFFF, 0xFFFF, 0xFFFF, 0xFFFF, 0xFFFF, 0xFFFF, 0xFFFF, 0xFFFF, 0xFFFF, 0xFFFF, 0xFFFF,
    0xFFFF, 0xFFFF, 0xFFFF, 0xFFFF, 0xFFFF, 0xFFFF, 0xFFFF, 0xFFFF, 0xFFFF, 0xFFFF, 0xFFFF, 0xFFFF,
    0xFFFF, 0xFFFF, 0xFFFF, 0xFFFF, 0xFFFF, 0xFFFF, 0xFFFF, 0xFFFF, 0x8EBD, 0x2DFC, 0x2DDB, 0x2DDB,
    0x25BB, 0x25DA, 0x25BA, 0x2DDA, 0x25BA, 0x25DB, 0x25DB, 0x25BA, 0x25BA, 0x25BB, 0x25BA, 0x25BA,
    0x25BA, 0x25BA, 0x25BA, 0x25BA, 0x25BA, 0x25BA, 0x25BA, 0x25BA, 0x25BA, 0x25BB, 0x25BA, 0x25BA,
    0x25FB, 0x2E1B, 0x2E3C, 0x363C, 0x363C, 0x2E3C, 0x2E3C, 0x2E3C, 0x2E3C, 0x2E3C, 0x2E3C, 0x363C,
    0x2E3B, 0x363B, 0x363C, 0x363C, 0x363C, 0x363C, 0x363C, 0x363C, 0x363C, 0x363C, 0x365C, 0x363C,
    0x8EDD, 0xFFFF, 0xFFFF, 0xFFFF, 0xFFFF, 0xFFFF, 0xFFFF, 0xFFFF, 0xFFFF, 0xFFFF, 0xFFFF, 0xFFFF,
    0xFFFF, 0xFFFF, 0xFFFF, 0xFFFF, 0xFFFF, 0xFFFF, 0xFFFF, 0xFFFF, 0xFFFF, 0xFFFF, 0xFFFF, 0xFFFF,
    0xFFFF, 0xFFFF, 0xFFFF, 0xFFFF, 0xFFFF, 0xFFFF, 0xFFFF, 0xFFFF, 0xFFFF, 0xFFFF, 0xFFFF, 0xFFFF,
    0xFFFF, 0xFFFF, 0xFFFF, 0xFFFF, 0xFFFF, 0xFFFF, 0xFFFF, 0xFFFF, 0xFFFF, 0xFFFF, 0xFFFF, 0xFFFF,
    0xFFFF, 0xFFFF, 0xFFFF, 0xFFFF, 0xFFFF, 0xFFFF, 0xFFFF, 0xFFFF, 0xFFFF, 0xFFFF, 0xFFFF, 0xFFFF,
    0xFFFF, 0xFFFF, 0xFFFF, 0xFFFF, 0xFFFF, 0xFFFF, 0xFFFF, 0xFFFF, 0xFFFF, 0xFFFF, 0xFFFF, 0xFFFF,
    0xFFFF, 0xFFFF, 0xFFFF, 0xFFFF, 0xFFFF, 0xFFFF, 0xFFFF, 0xFFFF, 0xFFFF, 0xFFFF, 0xFFFF, 0xFFFF,
    0xFFFF, 0xFFFF, 0xFFFF, 0xFFFF, 0xFFFF, 0xFFFF, 0xFFFF, 0xFFFF, 0xFFFF, 0xFFFF, 0xFFFF, 0xFFFF,
    0xFFFF, 0xFFFF, 0xFFFF, 0xFFFF, 0xFFFF, 0xFFFF, 0xFFFF, 0xFFFF, 0xFFFF, 0xFFFF, 0xFFFF, 0xFFFF,
    0xFFFF, 0xFFFF, 0xFFFF, 0xFFFF, 0xFFFF, 0xFFFF, 0xFFFF, 0xFFFF, 0xFFFF, 0xFFFF, 0xFFFF, 0xFFFF,
    0xFFFF, 0xFFFF, 0xFFFF, 0xFFFF, 0xFFFF, 0xFFFF, 0xFFFF, 0xFFFF, 0x7EBC, 0x2DFC, 0x2DDB, 0x2DDB,
    0x25BB, 0x25BB, 0x25BA, 0x25BA, 0x25BA, 0x25BA, 0x25BA, 0x25BA, 0x25BA, 0x25BB, 0x25BA, 0x25BA,
    0x25BA, 0x25BA, 0x25BA, 0x25BA, 0x25BA, 0x25BA, 0x25BA, 0x25BA, 0x25BA, 0x25BA, 0x25BA, 0x25BA,
    0x25BA, 0x25BA, 0x25BA, 0x2DDB, 0x2E1B, 0x363C, 0x363C, 0x363C, 0x2E3C, 0x2E3C, 0x2E3C, 0x2E3C,
    0x363B, 0x363C, 0x363C, 0x363C, 0x2E3C, 0x363C, 0x363C, 0x363C, 0x365C, 0x363C, 0x363C, 0x363C,
    0x363C, 0x363C, 0x565C, 0xE7BF, 0xFFFF, 0xFFFF, 0xFFFF, 0xFFFF, 0xFFFF, 0xFFFF, 0xFFFF, 0xFFFF,
    0xFFFF, 0xFFFF, 0xFFFF, 0xFFFF, 0xFFFF, 0xFFFF, 0xFFFF, 0xFFFF, 0xFFFF, 0xFFFF, 0xFFFF, 0xFFFF,
    0xFFFF, 0xFFFF, 0xFFFF, 0xFFFF, 0xFFFF, 0xFFFF, 0xFFFF, 0xFFFF, 0xFFFF, 0xFFFF, 0xFFFF, 0xFFFF,
    0xFFFF, 0xFFFF, 0xFFFF, 0xFFFF, 0xFFFF, 0xFFFF, 0xFFFF, 0xFFFF, 0xFFFF, 0xFFFF, 0xFFFF, 0xFFFF,
    0xFFFF, 0xFFFF, 0xFFFF, 0xFFFF, 0xFFFF, 0xFFFF, 0xFFFF, 0xFFFF, 0xFFFF, 0xFFFF, 0xFFFF, 0xFFFF,
    0xFFFF, 0xFFFF, 0xFFFF, 0xFFFF, 0xFFFF, 0xFFFF, 0xFFFF, 0xFFFF, 0xFFFF, 0xFFFF, 0xFFFF, 0xFFFF,
    0xFFFF, 0xFFFF, 0xFFFF, 0xFFFF, 0xFFFF, 0xFFFF, 0xFFFF, 0xFFFF, 0xFFFF, 0xFFFF, 0xFFFF, 0xFFFF,
    0xFFFF, 0xFFFF, 0xFFFF, 0xFFFF, 0xFFFF, 0xFFFF, 0xFFFF, 0xFFFF, 0xFFFF, 0xFFFF, 0xFFFF, 0xFFFF,
    0xFFFF, 0xFFFF, 0xFFFF, 0xFFFF, 0xFFFF, 0xFFFF, 0xFFFF, 0xFFFF, 0xFFFF, 0xFFFF, 0xFFFF, 0xFFFF,
    0xFFFF, 0xFFFF, 0xFFFF, 0xFFFF, 0xFFFF, 0xFFFF, 0xFFFF, 0xFFFF, 0xFFFF, 0xFFFF, 0xFFFF, 0xFFFF,
    0xFFFF, 0xFFFF, 0xFFFF, 0xFFFF, 0xFFFF, 0xFFFF, 0xFFFF, 0xFFFF, 0x86BC, 0x25BA, 0x25DB, 0x25BB,
    0x25BB, 0x25BA, 0x25BA, 0x25BA, 0x25BA, 0x25BA, 0x25BA, 0x25BA, 0x25BA, 0x25BA, 0x25BA, 0x25BA,
    0x25BA, 0x25BA, 0x25BA, 0x25BA, 0x25BA, 0x25BA, 0x25BA, 0x259A, 0x1DBA, 0x25BA, 0x25BA, 0x25BA,
    0x25BA, 0x25BA, 0x25BA, 0x25BA, 0x25BA, 0x259A, 0x25BA, 0x2E1B, 0x363C, 0x2E3C, 0x2E3C, 0x2E3C,
    0x2E3C, 0x2E3B, 0x363C, 0x363B, 0x363C, 0x2E3B, 0x2E3C, 0x2E3C, 0x363C, 0x2E3C, 0x2E3C, 0x2E3C,
    0x363C, 0x363C, 0x363C, 0x363C, 0x361C, 0xAF3E, 0xFFFF, 0xFFFF, 0xFFFF, 0xFFFF, 0xFFFF, 0xFFFF,
    0xFFFF, 0xFFFF, 0xFFFF, 0xFFFF, 0xFFFF, 0xFFFF, 0xFFFF, 0xFFFF, 0xFFFF, 0xFFFF, 0xFFFF, 0xFFFF,
    0xFFFF, 0xFFFF, 0xFFFF, 0xFFFF, 0xFFFF, 0xFFFF, 0xFFFF, 0xFFFF, 0xFFFF, 0xFFFF, 0xFFFF, 0xFFFF,
    0xFFFF, 0xFFFF, 0xFFFF, 0xFFFF, 0xFFFF, 0xFFFF, 0xFFFF, 0xFFFF, 0xFFFF, 0xFFFF, 0xFFFF, 0xFFFF,
    0xFFFF, 0xFFFF, 0xFFFF, 0xFFFF, 0xFFFF, 0xFFFF, 0xFFFF, 0xFFFF, 0xFFFF, 0xFFFF, 0xFFFF, 0xFFFF,
    0xFFFF, 0xFFFF, 0xFFFF, 0xFFFF, 0xFFFF, 0xFFFF, 0xFFFF, 0xFFFF, 0xFFFF, 0xFFFF, 0xFFFF, 0xFFFF,
    0xFFFF, 0xFFFF, 0xFFFF, 0xFFFF, 0xFFFF, 0xFFFF, 0xFFFF, 0xFFFF, 0xFFFF, 0xFFFF, 0xFFFF, 0xFFFF,
    0xFFFF, 0xFFFF, 0xFFFF, 0xFFFF, 0xFFFF, 0xFFFF, 0xFFFF, 0xFFFF, 0xFFFF, 0xFFFF, 0xFFFF, 0xFFFF,
    0xFFFF, 0xFFFF, 0xFFFF, 0xFFFF, 0xFFFF, 0xFFFF, 0xFFFF, 0xFFFF, 0xFFFF, 0xFFFF, 0xFFFF, 0xFFFF,
    0xFFFF, 0xFFFF, 0xFFFF, 0xFFFF, 0xFFFF, 0xFFFF, 0xFFFF, 0xFFFF, 0xFFFF, 0xFFFF, 0xFFFF, 0xFFFF,
    0xFFFF, 0xFFFF, 0xFFFF, 0xFFFF, 0xFFFF, 0xFFFF, 0xFFFF, 0xFFFF, 0x8EBC, 0x25DB, 0x25DB, 0x25BB,
    0x25BB, 0x25BA, 0x25BA, 0x25BA, 0x25BA, 0x25BA, 0x25BA, 0x25BA, 0x25BA, 0x25BA, 0x25BA, 0x25BA,
    0x25BA, 0x25BA, 0x25BA, 0x25BA, 0x25BA, 0x25BA, 0x25BA, 0x259A, 0x259A, 0x259A, 0x25BA, 0x25BA,
    0x25BA, 0x1DBA, 0x25BA, 0x25BA, 0x25BA, 0x25BA, 0x25BA, 0x25BA, 0x259A, 0x25DB, 0x2E3C, 0x2E3C,
    0x2E3C, 0x2E3C, 0x363B, 0x363B, 0x363B, 0x363B, 0x2E3C, 0x361C, 0x2E3C, 0x2E3C, 0x363C, 0x2E3C,
    0x2E3C, 0x2E3C, 0x2E3C, 0x363C, 0x363C, 0x363C, 0x363C, 0x6E9C, 0xEFDF, 0xFFFF, 0xFFFF, 0xFFFF,
    0xFFFF, 0xFFFF, 0xFFFF, 0xFFFF, 0xFFFF, 0xFFFF, 0xFFFF, 0xFFFF, 0xFFFF, 0xFFFF, 0xFFFF, 0xFFFF,
    0xFFFF, 0xFFFF, 0xFFFF, 0xFFFF, 0xFFFF, 0xFFFF, 0xFFFF, 0xFFFF, 0xFFFF, 0xFFFF, 0xFFFF, 0xFFFF,
    0xFFFF, 0xFFFF, 0xFFFF, 0xFFFF, 0xFFFF, 0xFFFF, 0xFFFF, 0xFFFF, 0xFFFF, 0xFFFF, 0xFFFF, 0xFFFF,
    0xFFFF, 0xFFFF, 0xFFFF, 0xFFFF, 0xFFFF, 0xFFFF, 0xFFFF, 0xFFFF, 0xFFFF, 0xFFFF, 0xFFFF, 0xFFFF,
    0xFFFF, 0xFFFF, 0xFFFF, 0xFFFF, 0xFFFF, 0xFFFF, 0xFFFF, 0xFFFF, 0xFFFF, 0xFFFF, 0xFFFF, 0xFFFF,
    0xFFFF, 0xFFFF, 0xFFFF, 0xFFFF, 0xFFFF, 0xFFFF, 0xFFFF, 0xFFFF, 0xFFFF, 0xFFFF, 0xFFFF, 0xFFFF,
    0xFFFF, 0xFFFF, 0xFFFF, 0xFFFF, 0xFFFF, 0xFFFF, 0xFFFF, 0xFFFF, 0xFFFF, 0xFFFF, 0xFFFF, 0xFFFF,
    0xFFFF, 0xFFFF, 0xFFFF, 0xFFFF, 0xFFFF, 0xFFFF, 0xFFFF, 0xFFFF, 0xFFFF, 0xFFFF, 0xFFFF, 0xFFFF,
    0xFFFF, 0xFFFF, 0xFFFF, 0xFFFF, 0xFFFF, 0xFFFF, 0xFFFF, 0xFFFF, 0xFFFF, 0xFFFF, 0xFFFF, 0xFFFF,
    0xFFFF, 0xFFFF, 0xFFFF, 0xFFFF, 0xFFFF, 0xFFFF, 0xFFFF, 0xFFFF, 0x9EDD, 0x2DDB, 0x2DDB, 0x25BB,
    0x25BA, 0x25BB, 0x25BB, 0x25BA, 0x25BA, 0x25BA, 0x259A, 0x25BA, 0x25BA, 0x25BA, 0x25BA, 0x25BA,
    0x25BA, 0x25BA, 0x25BA, 0x25BA, 0x259A, 0x259A, 0x25BA, 0x25BA, 0x259A, 0x259A, 0x259A, 0x25BA,
    0x1DBA, 0x259A, 0x25BA, 0x25BA, 0x25BA, 0x259A, 0x259A, 0x25BA, 0x25BA, 0x25BA, 0x25BA, 0x25BA,
    0x2E1B, 0x2E3C, 0x2E3C, 0x363B, 0x363B, 0x363C, 0x363C, 0x2E3C, 0x2E3C, 0x2E1C, 0x2E3C, 0x2E3C,
    0x363C, 0x363C, 0x363C, 0x363C, 0x363C, 0x361B, 0x363C, 0x363C, 0x363C, 0x361B, 0xC77E, 0xFFFF,
    0xFFFF, 0xFFFF, 0xFFFF, 0xFFFF, 0xFFFF, 0xFFFF, 0xFFFF, 0xFFFF, 0xFFFF, 0xFFFF, 0xFFFF, 0xFFFF,
    0xFFFF, 0xFFFF, 0xFFFF, 0xFFFF, 0xFFFF, 0xFFFF, 0xFFFF, 0xFFFF, 0xFFFF, 0xFFFF, 0xFFFF, 0xFFFF,
    0xFFFF, 0xFFFF, 0xFFFF, 0xFFFF, 0xFFFF, 0xFFFF, 0xFFFF, 0xFFFF, 0xFFFF, 0xFFFF, 0xFFFF, 0xFFFF,
    0xFFFF, 0xFFFF, 0xFFFF, 0xFFFF, 0xFFFF, 0xFFFF, 0xFFFF, 0xFFFF, 0xFFFF, 0xFFFF, 0xFFFF, 0xFFFF,
    0xFFFF, 0xFFFF, 0xFFFF, 0xFFFF, 0xFFFF, 0xFFFF, 0xFFFF, 0xFFFF, 0xFFFF, 0xFFFF, 0xFFFF, 0xFFFF,
    0xFFFF, 0xFFFF, 0xFFFF, 0xFFFF, 0xFFFF, 0xFFFF, 0xFFFF, 0xFFFF, 0xFFFF, 0xFFFF, 0xFFFF, 0xFFFF,
    0xFFFF, 0xFFFF, 0xFFFF, 0xFFFF, 0xFFFF, 0xFFFF, 0xFFFF, 0xFFFF, 0xFFFF, 0xFFFF, 0xFFFF, 0xFFFF,
    0xFFFF, 0xFFFF, 0xFFFF, 0xFFFF, 0xFFFF, 0xFFFF, 0xFFFF, 0xFFFF, 0xFFFF, 0xFFFF, 0xFFFF, 0xFFFF,
    0xFFFF, 0xFFFF, 0xFFFF, 0xFFFF, 0xFFFF, 0xFFFF, 0xFFFF, 0xFFFF, 0xFFFF, 0xFFFF, 0xFFFF, 0xFFFF,
    0xFFFF, 0xFFFF, 0xFFFF, 0xFFFF, 0xFFFF, 0xFFFF, 0xFFFF, 0xFFFF, 0xC75E, 0x2DDB, 0x2DDB, 0x2DDB,
    0x25BB, 0x25BB, 0x25BA, 0x25BA, 0x25BA, 0x25BA, 0x25BA, 0x25BA, 0x25BA, 0x25BA, 0x25BA, 0x25BA,
    0x25BA, 0x25BA, 0x25BA, 0x25BA, 0x25BA, 0x25BA, 0x25BA, 0x25BA, 0x25BA, 0x259A, 0x259A, 0x259A,
    0x259A, 0x1DBA, 0x259A, 0x259A, 0x25BA, 0x25BA, 0x25BA, 0x259A, 0x25BA, 0x259A, 0x25BA, 0x25BA,
    0x259A, 0x259A, 0x2DFB, 0x363C, 0x363B, 0x361C, 0x361C, 0x2E3B, 0x2E3C, 0x2E1C, 0x2E1C, 0x2E3C,
    0x363C, 0x2E3C, 0x2E3C, 0x363C, 0x2E3C, 0x363C, 0x363C, 0x363C, 0x361B, 0x361B, 0x363C, 0x361C,
    0x767C, 0xEFDF, 0xFFFF, 0xFFFF, 0xFFFF, 0xFFFF, 0xFFFF, 0xFFFF, 0xFFFF, 0xFFFF, 0xFFFF, 0xFFFF,
    0xFFFF, 0xFFFF, 0xFFFF, 0xFFFF, 0xFFFF, 0xFFFF, 0xFFFF, 0xFFFF, 0xFFFF, 0xFFFF, 0xFFFF, 0xFFFF,
    0xFFFF, 0xFFFF, 0xFFFF, 0xFFFF, 0xFFFF, 0xFFFF, 0xFFFF, 0xFFFF, 0xFFFF, 0xFFFF, 0xFFFF, 0xFFFF,
    0xFFFF, 0xFFFF, 0xFFFF, 0xFFFF, 0xFFFF, 0xFFFF, 0xFFFF, 0xFFFF, 0xFFFF, 0xFFFF, 0xFFFF, 0xFFFF,
    0xFFFF, 0xFFFF, 0xFFFF, 0xFFFF, 0xFFFF, 0xFFFF, 0xFFFF, 0xFFFF, 0xFFFF, 0xFFFF, 0xFFFF, 0xFFFF,
    0xFFFF, 0xFFFF, 0xFFFF, 0xFFFF, 0xFFFF, 0xFFFF, 0xFFFF, 0xFFFF, 0xFFFF, 0xFFFF, 0xFFFF, 0xFFFF,
    0xFFFF, 0xFFFF, 0xFFFF, 0xFFFF, 0xFFFF, 0xFFFF, 0xFFFF, 0xFFFF, 0xFFFF, 0xFFFF, 0xFFFF, 0xFFFF,
    0xFFFF, 0xFFFF, 0xFFFF, 0xFFFF, 0xFFFF, 0xFFFF, 0xFFFF, 0xFFFF, 0xFFFF, 0xFFFF, 0xFFFF, 0xFFFF,
    0xFFFF, 0xFFFF, 0xFFFF, 0xFFFF, 0xFFFF, 0xFFFF, 0xFFFF, 0xFFFF, 0xFFFF, 0xFFFF, 0xFFFF, 0xFFFF,
    0xFFFF, 0xFFFF, 0xFFFF, 0xFFFF, 0xFFFF, 0xFFFF, 0xFFFF, 0xFFFF, 0xDF9E, 0x2DDB, 0x2DDB, 0x25BB,
    0x2DBB, 0x25BA, 0x25BA, 0x25BA, 0x25BA, 0x2DBA, 0x2DBB, 0x2DBB, 0x2DBA, 0x25BA, 0x25BA, 0x25BA,
    0x25BB, 0x25BA, 0x25BA, 0x25BA, 0x25BA, 0x25BA, 0x25BA, 0x25BA, 0x25BA, 0x259A, 0x259A, 0x259A,
    0x259A, 0x1D9A, 0x25BA, 0x1D9A, 0x1D9A, 0x259A, 0x259A, 0x259A, 0x259A, 0x259A, 0x25BA, 0x259A,
    0x259A, 0x259A, 0x259A, 0x259A, 0x25BA, 0x2E1B, 0x363C, 0x363B, 0x363B, 0x2E3B, 0x2E3B, 0x2E1C,
    0x2E3C, 0x2E3C, 0x2E3C, 0x2E3C, 0x361C, 0x2E3B, 0x2E3B, 0x361B, 0x363C, 0x2E1B, 0x363B, 0x361B,
    0x2E1C, 0x2E1C, 0x361B, 0xB73E, 0xFFFF, 0xFFFF, 0xFFFF, 0xFFFF, 0xFFFF, 0xFFFF, 0xFFFF, 0xFFFF,
    0xFFFF, 0xFFFF, 0xFFFF, 0xFFFF, 0xFFFF, 0xFFFF, 0xFFFF, 0xFFFF, 0xFFFF, 0xFFFF, 0xFFFF, 0xFFFF,
    0xFFFF, 0xFFFF, 0xFFFF, 0xFFFF, 0xFFFF, 0xFFFF, 0xFFFF, 0xFFFF, 0xFFFF, 0xFFFF, 0xFFFF, 0xFFFF,
    0xFFFF, 0xFFFF, 0xFFFF, 0xFFFF, 0xFFFF, 0xFFFF, 0xFFFF, 0xFFFF, 0xFFFF, 0xFFFF, 0xFFFF, 0xFFFF,
    0xFFFF, 0xFFFF, 0xFFFF, 0xFFFF, 0xFFFF, 0xFFFF, 0xFFFF, 0xFFFF, 0xFFFF, 0xFFFF, 0xFFFF, 0xFFFF,
    0xFFFF, 0xFFFF, 0xFFFF, 0xFFFF, 0xFFFF, 0xFFFF, 0xFFFF, 0xFFFF, 0xFFFF, 0xFFFF, 0xFFFF, 0xFFFF,
    0xFFFF, 0xFFFF, 0xFFFF, 0xFFFF, 0xFFFF, 0xFFFF, 0xFFFF, 0xFFFF, 0xFFFF, 0xFFFF, 0xFFFF, 0xFFFF,
    0xFFFF, 0xFFFF, 0xFFFF, 0xFFFF, 0xFFFF, 0xFFFF, 0xFFFF, 0xFFFF, 0xFFFF, 0xFFFF, 0xFFFF, 0xFFFF,
    0xFFFF, 0xFFFF, 0xFFFF, 0xFFFF, 0xFFFF, 0xFFFF, 0xFFFF, 0xFFFF, 0xFFFF, 0xFFFF, 0xFFFF, 0xFFFF,
    0xFFFF, 0xFFFF, 0xFFFF, 0xFFFF, 0xFFFF, 0xFFFF, 0xFFFF, 0xFFFF, 0xF7DF, 0x461B, 0x25DB, 0x25BB,
    0x25DB, 0x2DBB, 0x25BA, 0x25BA, 0x25BB, 0x25BB, 0x2DBB, 0x25BB, 0x2DBA, 0x2DBA, 0x25BA, 0x25BB,
    0x2DBA, 0x25BA, 0x25BA, 0x25BA, 0x25BA, 0x25BA, 0x25BA, 0x25BA, 0x25BA, 0x25BA, 0x259A, 0x259A,
    0x259A, 0x259A, 0x259A, 0x259A, 0x259A, 0x259A, 0x259A, 0x259A, 0x259A, 0x259A, 0x1D9A, 0x259A,
    0x259A, 0x259A, 0x1D9A, 0x259A, 0x259A, 0x259A, 0x259A, 0x2DFB, 0x363B, 0x363B, 0x2E1B, 0x2E3B,
    0x2E1B, 0x2E3B, 0x2E3C, 0x2E1C, 0x2E3B, 0x2E3C, 0x2E3B, 0x363C, 0x2E3B, 0x363C, 0x2E1B, 0x2E1B,
    0x363B, 0x2E1C, 0x363B, 0x363C, 0x2E1C, 0x667C, 0xE7BF, 0xFFFF, 0xFFFF, 0xFFFF, 0xFFFF, 0xFFFF,
    0xFFFF, 0xFFFF, 0xFFFF, 0xFFFF, 0xFFFF, 0xFFFF, 0xFFFF, 0xFFFF, 0xFFFF, 0xFFFF, 0xFFFF, 0xFFFF,
    0xFFFF, 0xFFFF, 0xFFFF, 0xFFFF, 0xFFFF, 0xFFFF, 0xFFFF, 0xFFFF, 0xFFFF, 0xFFFF, 0xFFFF, 0xFFFF,
    0xFFFF, 0xFFFF, 0xFFFF, 0xFFFF, 0xFFFF, 0xFFFF, 0xFFFF, 0xFFFF, 0xFFFF, 0xFFFF, 0xFFFF, 0xFFFF,
    0xFFFF, 0xFFFF, 0xFFFF, 0xFFFF, 0xFFFF, 0xFFFF, 0xFFFF, 0xFFFF, 0xFFFF, 0xFFFF, 0xFFFF, 0xFFFF,
    0xFFFF, 0xFFFF, 0xFFFF, 0xFFFF, 0xFFFF, 0xFFFF, 0xFFFF, 0xFFFF, 0xFFFF, 0xFFFF, 0xFFFF, 0xFFFF,
    0xFFFF, 0xFFFF, 0xFFFF, 0xFFFF, 0xFFFF, 0xFFFF, 0xFFFF, 0xFFFF, 0xFFFF, 0xFFFF, 0xFFFF, 0xFFFF,
    0xFFFF, 0xFFFF, 0xFFFF, 0xFFFF, 0xFFFF, 0xFFFF, 0xFFFF, 0xFFFF, 0xFFFF, 0xFFFF, 0xFFFF, 0xFFFF,
    0xFFFF, 0xFFFF, 0xFFFF, 0xFFFF, 0xFFFF, 0xFFFF, 0xFFFF, 0xFFFF, 0xFFFF, 0xFFFF, 0xFFFF, 0xFFFF,
    0xFFFF, 0xFFFF, 0xFFFF, 0xFFFF, 0xFFFF, 0xFFFF, 0xFFFF, 0xFFFF, 0xFFFF, 0x769C, 0x2DDB, 0x25DB,
    0x25BB, 0x25BB, 0x25BB, 0x25BB, 0x25BB, 0x25BB, 0x25BB, 0x2DBB, 0x25BB, 0x25BA, 0x259B, 0x25BB,
    0x2DBB, 0x25BB, 0x25BB, 0x25BA, 0x259A, 0x25BA, 0x25BB, 0x25BA, 0x25BA, 0x25BA, 0x25BA, 0x25BA,
    0x259A, 0x259A, 0x259A, 0x259A, 0x1D9A, 0x259A, 0x259A, 0x259A, 0x259A, 0x259A, 0x259A, 0x259A,
    0x1D9A, 0x259A, 0x259A, 0x259A, 0x1D9A, 0x259A, 0x259A, 0x259A, 0x259A, 0x2DFB, 0x363B, 0x2E3B,
    0x2E1B, 0x2E1B, 0x2E1B, 0x2E1B, 0x2E1B, 0x2E3C, 0x2E3C, 0x2E1C, 0x361B, 0x363B, 0x363B, 0x2E1B,
    0x2E1B, 0x2E1C, 0x361B, 0x363B, 0x363B, 0x361B, 0x363C, 0x2DFB, 0xAF3D, 0xFFFF, 0xFFFF, 0xFFFF,
    0xFFFF, 0xFFFF, 0xFFFF, 0xFFFF, 0xFFFF, 0xFFFF, 0xFFFF, 0xFFFF, 0xFFFF, 0xFFFF, 0xFFFF, 0xFFFF,
    0xFFFF, 0xFFFF, 0xFFFF, 0xFFFF, 0xFFFF, 0xFFFF, 0xFFFF, 0xFFFF, 0xFFFF, 0xFFFF, 0xFFFF, 0xFFFF,
    0xFFFF, 0xFFFF, 0xFFFF, 0xFFFF, 0xFFFF, 0xFFFF, 0xFFFF, 0xFFFF, 0xFFFF, 0xFFFF, 0xFFFF, 0xFFFF,
    0xFFFF, 0xFFFF, 0xFFFF, 0xFFFF, 0xFFFF, 0xFFFF, 0xFFFF, 0xFFFF, 0xFFFF, 0xFFFF, 0xFFFF, 0xFFFF,
    0xFFFF, 0xFFFF, 0xFFFF, 0xFFFF, 0xFFFF, 0xFFFF, 0xFFFF, 0xFFFF, 0xFFFF, 0xFFFF, 0xFFFF, 0xFFFF,
    0xFFFF, 0xFFFF, 0xFFFF, 0xFFFF, 0xFFFF, 0xFFFF, 0xFFFF, 0xFFFF, 0xFFFF, 0xFFFF, 0xFFFF, 0xFFFF,
    0xFFFF, 0xFFFF, 0xFFFF, 0xFFFF, 0xFFFF, 0xFFFF, 0xFFFF, 0xFFFF, 0xFFFF, 0xFFFF, 0xFFFF, 0xFFFF,
    0xFFFF, 0xFFFF, 0xFFFF, 0xFFFF, 0xFFFF, 0xFFFF, 0xFFFF, 0xFFFF, 0xFFFF, 0xFFFF, 0xFFFF, 0xFFFF,
    0xFFFF, 0xFFFF, 0xFFFF, 0xFFFF, 0xFFFF, 0xFFFF, 0xFFFF, 0xFFFF, 0xFFFF, 0x9EFD, 0x2DDB, 0x2DBB,
    0x25BB, 0x25BB, 0x25DB, 0x25BB, 0x25BB, 0x25BB, 0x259A, 0x3DBA, 0x55FB, 0x869D, 0xC77E, 0xE7BF,
    0xEFDF, 0xF7DF, 0xF7FF, 0xF7FF, 0xEFDF, 0xDFBF, 0xBF5E, 0x6E5C, 0x4DFB, 0x3DBA, 0x259A, 0x25BA,
    0x259A, 0x259A, 0x259A, 0x259A, 0x1D9A, 0x1D9A, 0x259A, 0x1D9A, 0x259A, 0x259A, 0x259A, 0x259A,
    0x259A, 0x259A, 0x259A, 0x259A, 0x259A, 0x259A, 0x259A, 0x1D9A, 0x259A, 0x259A, 0x259A, 0x2DDB,
    0x361B, 0x2E1B, 0x2E1B, 0x2E3C, 0x2E3C, 0x2E1C, 0x2E1C, 0x361B, 0x361B, 0x361B, 0x363B, 0x2E3C,
    0x2E1C, 0x2E1C, 0x361C, 0x361C, 0x363B, 0x363C, 0x363C, 0x363C, 0x363C, 0x361B, 0x565C, 0xE7BF,
    0xFFFF, 0xFFFF, 0xFFFF, 0xFFFF, 0xFFFF, 0xFFFF, 0xFFFF, 0xFFFF, 0xFFFF, 0xFFFF, 0xFFFF, 0xFFFF,
    0xFFFF, 0xFFFF, 0xFFFF, 0xFFFF, 0xFFFF, 0xFFFF, 0xFFFF, 0xFFFF, 0xFFFF, 0xFFFF, 0xFFFF, 0xFFFF,
    0xFFFF, 0xFFFF, 0xFFFF, 0xFFFF, 0xFFFF, 0xFFFF, 0xFFFF, 0xFFFF, 0xFFFF, 0xFFFF, 0xFFFF, 0xFFFF,
    0xFFFF, 0xFFFF, 0xFFFF, 0xFFFF, 0xFFFF, 0xFFFF, 0xFFFF, 0xFFFF, 0xFFFF, 0xFFFF, 0xFFFF, 0xFFFF,
    0xFFFF, 0xFFFF, 0xFFFF, 0xFFFF, 0xFFFF, 0xFFFF, 0xFFFF, 0xFFFF, 0xFFFF, 0xFFFF, 0xFFFF, 0xFFFF,
    0xFFFF, 0xFFFF, 0xFFFF, 0xFFFF, 0xFFFF, 0xFFFF, 0xFFFF, 0xFFFF, 0xFFFF, 0xFFFF, 0xFFFF, 0xFFFF,
    0xFFFF, 0xFFFF, 0xFFFF, 0xFFFF, 0xFFFF, 0xFFFF, 0xFFFF, 0xFFFF, 0xFFFF, 0xFFFF, 0xFFFF, 0xFFFF,
    0xFFFF, 0xFFFF, 0xFFFF, 0xFFFF, 0xFFFF, 0xFFFF, 0xFFFF, 0xFFFF, 0xFFFF, 0xFFFF, 0xFFFF, 0xFFFF,
    0xFFFF, 0xFFFF, 0xFFFF, 0xFFFF, 0xFFFF, 0xFFFF, 0xFFFF, 0xFFFF, 0xFFFF, 0xDF9F, 0x2DDB, 0x2DDB,
    0x2DDB, 0x2DBB, 0x2DBB, 0x259A, 0x359A, 0x5DFB, 0xC75E, 0xFFFF, 0xFFFF, 0xFFFF, 0xFFFF, 0xFFFF,
    0xFFFF, 0xFFFF, 0xFFFF, 0xFFFF, 0xFFFF, 0xFFFF, 0xFFFF, 0xFFFF, 0xFFFF, 0xFFFF, 0xFFFF, 0xFFFF,
    0xDF9F, 0x6E5B, 0x3DDA, 0x2DBA, 0x2DDA, 0x25BA, 0x25BA, 0x25BA, 0x25BA, 0x259A, 0x259A, 0x259A,
    0x259A, 0x1D9A, 0x1D9A, 0x259A, 0x259A, 0x1D9A, 0x259A, 0x259A, 0x1D9A, 0x259A, 0x259A, 0x259A,
    0x257A, 0x25BA, 0x363C, 0x363C, 0x363C, 0x2E1B, 0x2E1C, 0x2E1C, 0x2E1B, 0x2E1B, 0x2E3B, 0x361C,
    0x2E1B, 0x2E1B, 0x2E1B, 0x2E1B, 0x2E3B, 0x2E1B, 0x2E1B, 0x2E1C, 0x361C, 0x361B, 0x363C, 0x363C,
    0x35FB, 0x8EDD, 0xF7FF, 0xFFFF, 0xFFFF, 0xFFFF, 0xFFFF, 0xFFFF, 0xFFFF, 0xFFFF, 0xFFFF, 0xFFFF,
    0xFFFF, 0xFFFF, 0xFFFF, 0xFFFF, 0xFFFF, 0xFFFF, 0xFFFF, 0xFFFF, 0xFFFF, 0xFFFF, 0xFFFF, 0xFFFF,
    0xFFFF, 0xFFFF, 0xFFFF, 0xFFFF, 0xFFFF, 0xFFFF, 0xFFFF, 0xFFFF, 0xFFFF, 0xFFFF, 0xFFFF, 0xFFFF,
    0xFFFF, 0xFFFF, 0xFFFF, 0xFFFF, 0xFFFF, 0xFFFF, 0xFFFF, 0xFFFF, 0xFFFF, 0xFFFF, 0xFFFF, 0xFFFF,
    0xFFFF, 0xFFFF, 0xFFFF, 0xFFFF, 0xFFFF, 0xFFFF, 0xFFFF, 0xFFFF, 0xFFFF, 0xFFFF, 0xFFFF, 0xFFFF,
    0xFFFF, 0xFFFF, 0xFFFF, 0xFFFF, 0xFFFF, 0xFFFF, 0xFFFF, 0xFFFF, 0xFFFF, 0xFFFF, 0xFFFF, 0xFFFF,
    0xFFFF, 0xFFFF, 0xFFFF, 0xFFFF, 0xFFFF, 0xFFFF, 0xFFFF, 0xFFFF, 0xFFFF, 0xFFFF, 0xFFFF, 0xFFFF,
    0xFFFF, 0xFFFF, 0xFFFF, 0xFFFF, 0xFFFF, 0xFFFF, 0xFFFF, 0xFFFF, 0xFFFF, 0xFFFF, 0xFFFF, 0xFFFF,
    0xFFFF, 0xFFFF, 0xFFFF, 0xFFFF, 0xFFFF, 0xFFFF, 0xFFFF, 0xFFFF, 0xFFFF, 0xF7DF, 0x563C, 0x2DDB,
    0x2DBB, 0x25BB, 0x2D9A, 0x5E1B, 0xDFBF, 0xFFFF, 0xFFFF, 0xFFFF, 0xFFFF, 0xFFFF, 0xFFFF, 0xFFFF,
    0xFFFF, 0xFFFF, 0xFFFF, 0xFFFF, 0xFFFF, 0xFFFF, 0xFFFF, 0xFFFF, 0xFFFF, 0xFFFF, 0xFFFF, 0xFFFF,
    0xFFFF, 0xFFFF, 0xFFFF, 0xFFFF, 0xE7BF, 0x6E3B, 0x2D9A, 0x259A, 0x25BA, 0x25BA, 0x259A, 0x259A,
    0x259A, 0x259A, 0x1D9A, 0x259A, 0x259A, 0x259A, 0x1D9A, 0x259A, 0x1D9A, 0x1D9A, 0x259A, 0x259A,
    0x259A, 0x259A, 0x1D7A, 0x259A, 0x361B, 0x363C, 0x2E1C, 0x2E1C, 0x2E1B, 0x2E3C, 0x2E1B, 0x2E1B,
    0x2E1B, 0x2E3B, 0x2E1B, 0x2E1B, 0x361B, 0x361B, 0x361B, 0x2E1B, 0x361B, 0x361B, 0x361B, 0x361B,
    0x361B, 0x363C, 0x363C, 0x35FB, 0xC75E, 0xFFFF, 0xFFFF, 0xFFFF, 0xFFFF, 0xFFFF, 0xFFFF, 0xFFFF,
    0xFFFF, 0xFFFF, 0xFFFF, 0xFFFF, 0xFFFF, 0xFFFF, 0xFFFF, 0xFFFF, 0xFFFF, 0xFFFF, 0xFFFF, 0xFFFF,
    0xFFFF, 0xFFFF, 0xFFFF, 0xFFFF, 0xFFFF, 0xFFFF, 0xFFFF, 0xFFFF, 0xFFFF, 0xFFFF, 0xFFFF, 0xFFFF,
    0xFFFF, 0xFFFF, 0xFFFF, 0xFFFF, 0xFFFF, 0xFFFF, 0xFFFF, 0xFFFF, 0xFFFF, 0xFFFF, 0xFFFF, 0xFFFF,
    0xFFFF, 0xFFFF, 0xFFFF, 0xFFFF, 0xFFFF, 0xFFFF, 0xFFFF, 0xFFFF, 0xFFFF, 0xFFFF, 0xFFFF, 0xFFFF,
    0xFFFF, 0xFFFF, 0xFFFF, 0xFFFF, 0xFFFF, 0xFFFF, 0xFFFF, 0xFFFF, 0xFFFF, 0xFFFF, 0xFFFF, 0xFFFF,
    0xFFFF, 0xFFFF, 0xFFFF, 0xFFFF, 0xFFFF, 0xFFFF, 0xFFFF, 0xFFFF, 0xFFFF, 0xFFFF, 0xFFFF, 0xFFFF,
    0xFFFF, 0xFFFF, 0xFFFF, 0xFFFF, 0xFFFF, 0xFFFF, 0xFFFF, 0xFFFF, 0xFFFF, 0xFFFF, 0xFFFF, 0xFFFF,
    0xFFFF, 0xFFFF, 0xFFFF, 0xFFFF, 0xFFFF, 0xFFFF, 0xFFFF, 0xFFFF, 0xFFFF, 0xFFFF, 0x6E9D, 0x25BB,
    0x2DDB, 0x2DBA, 0x765C, 0xF7DF, 0xFFFF, 0xFFFF, 0xFFFF, 0xFFFF, 0xFFFF, 0xFFFF, 0xFFFF, 0xFFFF,
    0xFFFF, 0xFFFF, 0xFFFF, 0xFFFF, 0xFFFF, 0xFFFF, 0xFFFF, 0xFFFF, 0xFFFF, 0xFFFF, 0xFFFF, 0xFFFF,
    0xFFFF, 0xFFFF, 0xFFFF, 0xFFFF, 0xFFFF, 0xFFFF, 0xFFFF, 0xFFFF, 0x9EFD, 0x359A, 0x259A, 0x25BA,
    0x259A, 0x259A, 0x259A, 0x259A, 0x259A, 0x259A, 0x1D9A, 0x259A, 0x1D7A, 0x1D7A, 0x1D9A, 0x259A,
    0x259A, 0x259A, 0x259A, 0x259A, 0x1D9A, 0x1D7A, 0x2DFB, 0x2E3C, 0x2E1B, 0x361B, 0x2E1B, 0x2E1B,
    0x2E1B, 0x2E1B, 0x2E1B, 0x2E1B, 0x361B, 0x2E1B, 0x361B, 0x361B, 0x2E1B, 0x2E1B, 0x361B, 0x2E1B,
    0x361B, 0x361B, 0x361B, 0x363C, 0x363C, 0x2E1C, 0x35DB, 0xBF5E, 0xF7FF, 0xFFFF, 0xFFFF, 0xFFFF,
    0xFFFF, 0xFFFF, 0xFFFF, 0xFFFF, 0xFFFF, 0xFFFF, 0xFFFF, 0xFFFF, 0xFFFF, 0xFFFF, 0xFFFF, 0xFFFF,
    0xFFFF, 0xFFFF, 0xFFFF, 0xFFFF, 0xFFFF, 0xFFFF, 0xFFFF, 0xFFFF, 0xFFFF, 0xFFFF, 0xFFFF, 0xFFFF,
    0xFFFF, 0xFFFF, 0xFFFF, 0xFFFF, 0xFFFF, 0xFFFF, 0xFFFF, 0xFFFF, 0xFFFF, 0xFFFF, 0xFFFF, 0xFFFF,
    0xFFFF, 0xFFFF, 0xFFFF, 0xFFFF, 0xFFFF, 0xFFFF, 0xFFFF, 0xFFFF, 0xFFFF, 0xFFFF, 0xFFFF, 0xFFFF,
    0xFFFF, 0xFFFF, 0xFFFF, 0xFFFF, 0xFFFF, 0xFFFF, 0xFFFF, 0xFFFF, 0xFFFF, 0xFFFF, 0xFFFF, 0xFFFF,
    0xFFFF, 0xFFFF, 0xFFFF, 0xFFFF, 0xFFFF, 0xFFFF, 0xFFFF, 0xFFFF, 0xFFFF, 0xFFFF, 0xFFFF, 0xFFFF,
    0xFFFF, 0xFFFF, 0xFFFF, 0xFFFF, 0xFFFF, 0xFFFF, 0xFFFF, 0xFFFF, 0xFFFF, 0xFFFF, 0xFFFF, 0xFFFF,
    0xFFFF, 0xFFFF, 0xFFFF, 0xFFFF, 0xFFFF, 0xFFFF, 0xFFFF, 0xFFFF, 0xFFFF, 0xFFFF, 0x9EDD, 0x25DC,
    0x2DBB, 0x767C, 0xF7DF, 0xFFFF, 0xFFFF, 0xFFFF, 0xFFFF, 0xFFFF, 0xFFFF, 0xFFFF, 0xFFFF, 0xFFFF,
    0xFFFF, 0xFFFF, 0xFFFF, 0xFFFF, 0xFFFF, 0xFFFF, 0xFFFF, 0xFFFF, 0xFFFF, 0xFFFF, 0xFFFF, 0xFFFF,
    0xFFFF, 0xFFFF, 0xFFFF, 0xFFFF, 0xFFFF, 0xFFFF, 0xFFFF, 0xFFFF, 0xFFFF, 0xFFFF, 0xFFFF, 0x9EFD,
    0x35BA, 0x259A, 0x259A, 0x259A, 0x1D9A, 0x259A, 0x259A, 0x259A, 0x1D9A, 0x1D7A, 0x1D9A, 0x1D7A,
    0x259A, 0x257A, 0x259A, 0x259A, 0x1D9A, 0x1D7A, 0x1D7A, 0x1D7A, 0x25BA, 0x363C, 0x361C, 0x2E1B,
    0x2E3B, 0x2E1B, 0x2E1B, 0x2E1B, 0x2E1B, 0x2E1B, 0x2E1B, 0x2E1B, 0x2E1B, 0x2E1B, 0x2E1B, 0x361B,
    0x2E1B, 0x361B, 0x361B, 0x361C, 0x361B, 0x363B, 0x361C, 0x363C, 0x361C, 0x35DB, 0x8EDD, 0xE7BF,
    0xFFFF, 0xFFFF, 0xFFFF, 0xFFFF, 0xFFFF, 0xFFFF, 0xFFFF, 0xFFFF, 0xFFFF, 0xFFFF, 0xFFFF, 0xFFFF,
    0xFFFF, 0xFFFF, 0xFFFF, 0xFFFF, 0xFFFF, 0xFFFF, 0xFFFF, 0xFFFF, 0xFFFF, 0xFFFF, 0xFFFF, 0xFFFF,
    0xFFFF, 0xFFFF, 0xFFFF, 0xFFFF, 0xFFFF, 0xFFFF, 0xFFFF, 0xFFFF, 0xFFFF, 0xFFFF, 0xFFFF, 0xFFFF,
    0xFFFF, 0xFFFF, 0xFFFF, 0xFFFF, 0xFFFF, 0xFFFF, 0xFFFF, 0xFFFF, 0xFFFF, 0xFFFF, 0xFFFF, 0xFFFF,
    0xFFFF, 0xFFFF, 0xFFFF, 0xFFFF, 0xFFFF, 0xFFFF, 0xFFFF, 0xFFFF, 0xFFFF, 0xFFFF, 0xFFFF, 0xFFFF,
    0xFFFF, 0xFFFF, 0xFFFF, 0xFFFF, 0xFFFF, 0xFFFF, 0xFFFF, 0xFFFF, 0xFFFF, 0xFFFF, 0xFFFF, 0xFFFF,
    0xFFFF, 0xFFFF, 0xFFFF, 0xFFFF, 0xFFFF, 0xFFFF, 0xFFFF, 0xFFFF, 0xFFFF, 0xFFFF, 0xFFFF, 0xFFFF,
    0xFFFF, 0xFFFF, 0xFFFF, 0xFFFF, 0xFFFF, 0xFFFF, 0xFFFF, 0xFFFF, 0xFFFF, 0xFFFF, 0xDF9E, 0x3DBB,
    0x767C, 0xF7DF, 0xFFFF, 0xFFFF, 0xFFFF, 0xFFFF, 0xFFFF, 0xFFFF, 0xFFFF, 0xFFFF, 0xFFFF, 0xFFFF,
    0xFFFF, 0xFFFF, 0xEFDF, 0xE79F, 0xDF9E, 0xD77E, 0xCF5E, 0xC75E, 0xBF3E, 0xC75E, 0xD77E, 0xE7BF,
    0xF7DF, 0xF7FF, 0xFFFF, 0xFFFF, 0xFFFF, 0xFFFF, 0xFFFF, 0xFFFF, 0xFFFF, 0xFFFF, 0xFFFF, 0xFFFF,
    0xFFFF, 0xFFFF, 0x9EFD, 0x359A, 0x2DBA, 0x25BA, 0x259A, 0x25BA, 0x259A, 0x1D9A, 0x1D7A, 0x1D7A,
    0x1D7A, 0x257A, 0x257A, 0x257A, 0x257A, 0x1D7A, 0x1D7A, 0x1D7A, 0x1D7A, 0x1D7A, 0x259A, 0x2DFB,
    0x363C, 0x2E1B, 0x2E1B, 0x2E1B, 0x2E1B, 0x2E1B, 0x2E1B, 0x2E1B, 0x2E1B, 0x2DFB, 0x2E1B, 0x2E1B,
    0x2E1B, 0x2E1B, 0x361B, 0x361B, 0x2E1B, 0x2E1B, 0x2E1B, 0x2E1B, 0x2E1B, 0x361B, 0x2E1B, 0x2DFB,
    0x2DBB, 0x35DB, 0x7E9C, 0xD77E, 0xE7BF, 0xF7DF, 0xFFFF, 0xFFFF, 0xFFFF, 0xFFFF, 0xFFFF, 0xFFFF,
    0xFFFF, 0xFFFF, 0xFFFF, 0xFFFF, 0xFFFF, 0xFFFF, 0xFFFF, 0xFFFF, 0xFFFF, 0xFFFF, 0xFFFF, 0xFFFF,
    0xFFFF, 0xFFFF, 0xFFFF, 0xFFFF, 0xFFFF, 0xFFFF, 0xFFFF, 0xFFFF, 0xFFFF, 0xFFFF, 0xFFFF, 0xFFFF,
    0xFFFF, 0xFFFF, 0xFFFF, 0xFFFF, 0xFFFF, 0xFFFF, 0xFFFF, 0xFFFF, 0xFFFF, 0xFFFF, 0xFFFF, 0xFFFF,
    0xFFFF, 0xFFFF, 0xFFFF, 0xFFFF, 0xFFFF, 0xFFFF, 0xFFFF, 0xFFFF, 0xFFFF, 0xFFFF, 0xFFFF, 0xFFFF,
    0xFFFF, 0xFFFF, 0xFFFF, 0xFFFF, 0xFFFF, 0xFFFF, 0xFFFF, 0xFFFF, 0xFFFF, 0xFFFF, 0xFFFF, 0xFFFF,
    0xFFFF, 0xFFFF, 0xFFFF, 0xFFFF, 0xFFFF, 0xFFFF, 0xFFFF, 0xFFFF, 0xFFFF, 0xFFFF, 0xFFFF, 0xFFFF,
    0xFFFF, 0xFFFF, 0xFFFF, 0xFFFF, 0xFFFF, 0xFFFF, 0xFFFF, 0xFFFF, 0xFFFF, 0xFFFF, 0xFFFF, 0xDF9F,
    0xF7FF, 0xFFFF, 0xFFFF, 0xFFFF, 0xFFFF, 0xFFFF, 0xFFFF, 0xFFFF, 0xFFFF, 0xFFFF, 0xFFFF, 0xDF9F,
    0x9EDD, 0x3D9B, 0x255B, 0x257C, 0x2DDD, 0x2DDD, 0x2DDD, 0x2DDD, 0x35DD, 0x35DD, 0x2DDD, 0x25BD,
    0x259C, 0x259C, 0x2D9C, 0x45BB, 0x9EFE, 0xDF9F, 0xF7FF, 0xFFFF, 0xFFFF, 0xFFFF, 0xFFFF, 0xFFFF,
    0xFFFF, 0xFFFF, 0xFFFF, 0xFFFF, 0xF7FF, 0x7E9C, 0x257A, 0x259A, 0x25BA, 0x259A, 0x1D7A, 0x1D7A,
    0x1D7A, 0x1D7A, 0x257A, 0x257A, 0x257A, 0x257A, 0x1D7A, 0x1D7A, 0x1D7A, 0x1D7A, 0x1D7A, 0x1D7A,
    0x1D59, 0x25BA, 0x2E1B, 0x361B, 0x2E1B, 0x361B, 0x2E1B, 0x2DFB, 0x2E1B, 0x2E1B, 0x2E1B, 0x2E1B,
    0x2E1B, 0x2E1B, 0x2E1B, 0x2E1B, 0x361B, 0x361B, 0x2E1B, 0x2DFB, 0x361B, 0x2E1B, 0x2DFB, 0x2DFB,
    0x2DFB, 0x361B, 0x35FC, 0x35FC, 0x2DFC, 0x2DDB, 0x3DFB, 0x4E1B, 0x667C, 0xAF3E, 0xD79E, 0xFFFF,
    0xFFFF, 0xFFFF, 0xFFFF, 0xFFFF, 0xFFFF, 0xFFFF, 0xFFFF, 0xFFFF, 0xFFFF, 0xFFFF, 0xFFFF, 0xFFFF,
    0xFFFF, 0xFFFF, 0xFFFF, 0xFFFF, 0xFFFF, 0xFFFF, 0xFFFF, 0xFFFF, 0xFFFF, 0xFFFF, 0xFFFF, 0xFFFF,
    0xFFFF, 0xFFFF, 0xFFFF, 0xFFFF, 0xFFFF, 0xFFFF, 0xFFFF, 0xFFFF, 0xFFFF, 0xFFFF, 0xFFFF, 0xFFFF,
    0xFFFF, 0xFFFF, 0xFFFF, 0xFFFF, 0xFFFF, 0xFFFF, 0xFFFF, 0xFFFF, 0xFFFF, 0xFFFF, 0xFFFF, 0xFFFF,
    0xFFFF, 0xFFFF, 0xFFFF, 0xFFFF, 0xFFFF, 0xFFFF, 0xFFFF, 0xFFFF, 0xFFFF, 0xFFFF, 0xFFFF, 0xFFFF,
    0xFFFF, 0xFFFF, 0xFFFF, 0xFFFF, 0xFFFF, 0xFFFF, 0xFFFF, 0xFFFF, 0xFFFF, 0xFFFF, 0xFFFF, 0xFFFF,
    0xFFFF, 0xFFFF, 0xFFFF, 0xFFFF, 0xFFFF, 0xFFFF, 0xFFFF, 0xFFFF, 0xFFFF, 0xFFFF, 0xFFFF, 0xFFFF,
    0xFFFF, 0xFFFF, 0xFFFF, 0xFFFF, 0xFFFF, 0xFFFF, 0xFFFF, 0xFFFF, 0xF7FF, 0xD77E, 0x55FB, 0x255B,
    0x259C, 0x2DBC, 0x2DBC, 0x2DBC, 0x2DBC, 0x2DBC, 0x2D9C, 0x2D9C, 0x2DBC, 0x2D9C, 0x2DBC, 0x2D9D,
    0x2DBD, 0x2DBD, 0x2DBD, 0x2DBD, 0x2DBD, 0x2DBD, 0x2DBC, 0x255B, 0x5E1C, 0xD79F, 0xFFFF, 0xFFFF,
    0xFFFF, 0xFFFF, 0xFFFF, 0xFFFF, 0xFFFF, 0xFFFF, 0xFFFF, 0xE7BF, 0x45DB, 0x1D7A, 0x259A, 0x259A,
    0x1D7A, 0x1D7A, 0x1D7A, 0x257A, 0x2579, 0x257A, 0x257A, 0x1D79, 0x1D7A, 0x1D7A, 0x1D79, 0x1D79,
    0x1D59, 0x1D7A, 0x1D59, 0x1D59, 0x2DBA, 0x361B, 0x361B, 0x2E1B, 0x2E1B, 0x2E1B, 0x2E1B, 0x2E1B,
    0x2E1B, 0x2E1B, 0x2E1B, 0x2E1B, 0x2E1B, 0x2DFB, 0x2E1B, 0x2DFB, 0x2DFB, 0x2DFB, 0x2E1B, 0x2E1B,
    0x2E1B, 0x2DFB, 0x2DFB, 0x35FB, 0x35FB, 0x35FB, 0x35FB, 0x2DDC, 0x2DDB, 0x35DB, 0x3DFB, 0xB73E,
    0xFFFF, 0xFFFF, 0xFFFF, 0xFFFF, 0xFFFF, 0xFFFF, 0xFFFF, 0xFFFF, 0xFFFF, 0xFFFF, 0xFFFF, 0xFFFF,
    0xFFFF, 0xFFFF, 0xFFFF, 0xFFFF, 0xFFFF, 0xFFFF, 0xFFFF, 0xFFFF, 0xFFFF, 0xFFFF, 0xFFFF, 0xFFFF,
    0xFFFF, 0xFFFF, 0xF7DF, 0xE7BF, 0xDF9F, 0xDF9E, 0xDF9F, 0xDF9E, 0xE7BF, 0xE7BF, 0xEFDF, 0xFFFF,
    0xFFFF, 0xFFFF, 0xFFFF, 0xFFFF, 0xFFFF, 0xFFFF, 0xFFFF, 0xFFFF, 0xFFFF, 0xFFFF, 0xFFFF, 0xFFFF,
    0xFFFF, 0xFFFF, 0xFFFF, 0xFFFF, 0xFFFF, 0xFFFF, 0xFFFF, 0xFFFF, 0xFFFF, 0xFFFF, 0xFFFF, 0xFFFF,
    0xFFFF, 0xFFFF, 0xFFFF, 0xFFFF, 0xFFFF, 0xFFFF, 0xFFFF, 0xFFFF, 0xFFFF, 0xFFFF, 0xFFFF, 0xFFFF,
    0xFFFF, 0xFFFF, 0xFFFF, 0xFFFF, 0xFFFF, 0xFFFF, 0xFFFF, 0xFFFF, 0xFFFF, 0xFFFF, 0xFFFF, 0xFFFF,
    0xFFFF, 0xFFFF, 0xFFFF, 0xFFFF, 0xFFFF, 0xFFFF, 0xFFFF, 0xF7DF, 0x96BD, 0x2D7B, 0x2D9C, 0x2DDD,
    0x2DBD, 0x2DBD, 0x2DBC, 0x2DBC, 0x2DBC, 0x2DBC, 0x2D9C, 0x2D9C, 0x2D9C, 0x2D9C, 0x2DBC, 0x2DBC,
    0x2DBD, 0x2DBD, 0x2DBD, 0x2DBD, 0x2DBC, 0x2DBC, 0x2DBC, 0x2DBD, 0x35BD, 0x35DD, 0x2D9C, 0x35BC,
    0xAF1E, 0xF7DF, 0xFFFF, 0xFFFF, 0xFFFF, 0xFFFF, 0xFFFF, 0xFFFF, 0xFFFF, 0xFFFF, 0x9EDD, 0x2D7A,
    0x1D7A, 0x1D7A, 0x1D7A, 0x1D7A, 0x257A, 0x1D7A, 0x1D7A, 0x1D7A, 0x1D79, 0x1D59, 0x1D5A, 0x1D7A,
    0x1D7A, 0x1D5A, 0x1D79, 0x1D79, 0x1D59, 0x1D59, 0x1D59, 0x25BA, 0x2DFB, 0x361C, 0x2E1B, 0x2E1B,
    0x2E1B, 0x2E1B, 0x2E1B, 0x2E1B, 0x2E1B, 0x2DFB, 0x361B, 0x361B, 0x361B, 0x2E1B, 0x2E1B, 0x2E1B,
    0x2E1B, 0x2DFB, 0x2DFB, 0x2DFB, 0x361C, 0x35FB, 0x2DBB, 0x2D9A, 0x2DBB, 0x255A, 0x765B, 0xF7DF,
    0xFFFF, 0xFFFF, 0xFFFF, 0xFFFF, 0xFFFF, 0xFFFF, 0xFFFF, 0xFFFF, 0xFFFF, 0xFFFF, 0xFFFF, 0xFFFF,
    0xFFFF, 0xFFFF, 0xFFFF, 0xFFFF, 0xFFFF, 0xFFFF, 0xFFFF, 0xFFFF, 0xFFFF, 0xFFFF, 0xF7DF, 0xDF9E,
    0x96DD, 0x45FB, 0x2DDB, 0x2DFB, 0x2DFB, 0x361C, 0x363C, 0x361C, 0x361C, 0x361C, 0x361C, 0x35FC,
    0x35DB, 0x45DA, 0x8E9C, 0xD77E, 0xEFDF, 0xFFFF, 0xFFFF, 0xFFFF, 0xFFFF, 0xFFFF, 0xFFFF, 0xFFFF,
    0xFFFF, 0xFFFF, 0xFFFF, 0xFFFF, 0xFFFF, 0xFFFF, 0xFFFF, 0xFFFF, 0xFFFF, 0xFFFF, 0xFFFF, 0xFFFF,
    0xFFFF, 0xFFFF, 0xFFFF, 0xFFFF, 0xFFFF, 0xFFFF, 0xFFFF, 0xFFFF, 0xFFFF, 0xFFFF, 0xFFFF, 0xFFFF,
    0xFFFF, 0xFFFF, 0xFFFF, 0xFFFF, 0xFFFF, 0xFFFF, 0xFFFF, 0xFFFF, 0xFFFF, 0xFFFF, 0xFFFF, 0xFFFF,
    0xFFFF, 0xFFFF, 0xFFFF, 0xFFFF, 0xFFFF, 0xFFFF, 0xF7DF, 0x867C, 0x257B, 0x259C, 0x2DBC, 0x2DBD,
    0x2DBC, 0x25BC, 0x2DBC, 0x259C, 0x2DBC, 0x259C, 0x2D9C, 0x2D9C, 0x2DBC, 0x2D9C, 0x2DBC, 0x2DBC,
    0x2DBC, 0x259D, 0x25BD, 0x2D9C, 0x2DBD, 0x2D9C, 0x2D9C, 0x2D9C, 0x2D9C, 0x2DBC, 0x2D9C, 0x2D9C,
    0x2D9D, 0x2DBD, 0x2DBC, 0x8EBD, 0xF7DF, 0xFFFF, 0xFFFF, 0xFFFF, 0xFFFF, 0xFFFF, 0xFFFF, 0xFFFF,
    0xEFBF, 0x55FB, 0x257A, 0x257A, 0x257A, 0x257A, 0x257A, 0x257A, 0x257A, 0x1D59, 0x1D59, 0x1D59,
    0x1D59, 0x1D59, 0x1D59, 0x1D59, 0x1D59, 0x1D59, 0x1D59, 0x1D59, 0x1D59, 0x1D39, 0x1D59, 0x2DFB,
    0x363C, 0x2E1C, 0x2E1B, 0x2E1C, 0x2E1C, 0x2DFB, 0x2E1B, 0x2E1B, 0x2E1B, 0x2DFB, 0x2DFB, 0x2DFB,
    0x2DFB, 0x2E1B, 0x361B, 0x361B, 0x361B, 0x2DDB, 0x257A, 0x1D39, 0x1D5A, 0x253A, 0xB71D, 0xFFFF,
    0xFFFF, 0xFFFF, 0xFFFF, 0xFFFF, 0xFFFF, 0xFFFF, 0xFFFF, 0xFFFF, 0xFFFF, 0xFFFF, 0xFFFF, 0xFFFF,
    0xFFFF, 0xFFFF, 0xFFFF, 0xFFFF, 0xFFFF, 0xFFFF, 0xFFFF, 0xFFFF, 0xEFDF, 0xA6FD, 0x3DBA, 0x2DDB,
    0x361C, 0x35FC, 0x361C, 0x361C, 0x361C, 0x35FC, 0x361C, 0x361C, 0x361C, 0x465C, 0x465D, 0x465C,
    0x35FB, 0x35BA, 0x2D9A, 0x2D9A, 0x2D9A, 0x35BB, 0x45DB, 0x969C, 0xE79E, 0xFFFF, 0xFFFF, 0xFFFF,
    0xFFFF, 0xFFFF, 0xFFFF, 0xFFFF, 0xFFFF, 0xFFFF, 0xFFFF, 0xFFFF, 0xFFFF, 0xFFFF, 0xFFFF, 0xFFFF,
    0xFFFF, 0xFFFF, 0xFFFF, 0xFFFF, 0xFFFF, 0xFFFF, 0xFFFF, 0xFFFF, 0xFFFF, 0xFFFF, 0xFFFF, 0xFFFF,
    0xFFFF, 0xFFFF, 0xFFFF, 0xFFFF, 0xFFFF, 0xFFFF, 0xFFFF, 0xFFFF, 0xFFFF, 0xFFFF, 0xFFFF, 0xFFFF,
    0xFFFF, 0xFFFF, 0xFFFF, 0xFFFF, 0xFFFF, 0xFFFF, 0xB71E, 0x2D9C, 0x2DBC, 0x2DBC, 0x2DBC, 0x2DBC,
    0x2DBC, 0x2DBC, 0x25BC, 0x2DBC, 0x2DBC, 0x2DBC, 0x2DBC, 0x2DBC, 0x2D9C, 0x2DBC, 0x2DBC, 0x2D9C,
    0x2D9C, 0x2D9C, 0x259D, 0x259D, 0x25BC, 0x25BC, 0x2D9C, 0x2D9C, 0x2D9C, 0x2DBC, 0x2D9C, 0x2D9C,
    0x2D9C, 0x2D9C, 0x2DBD, 0x2DBD, 0x25BD, 0x2D9C, 0xA6FD, 0xF7FF, 0xFFFF, 0xFFFF, 0xFFFF, 0xFFFF,
    0xFFFF, 0xFFFF, 0xFFFF, 0xAF1D, 0x2559, 0x257A, 0x257A, 0x1D7A, 0x1D7A, 0x1D79, 0x1D59, 0x1D59,
    0x1D59, 0x1D59, 0x1D59, 0x1D59, 0x1D59, 0x1D59, 0x1D59, 0x1D59, 0x1D59, 0x1D59, 0x1D39, 0x1D39,
    0x1D39, 0x1539, 0x1D59, 0x2DDB, 0x363C, 0x363C, 0x2E1B, 0x2E1B, 0x2E1B, 0x2E1B, 0x2DFB, 0x2DFB,
    0x2DFB, 0x2DFB, 0x361C, 0x361B, 0x2DBA, 0x1D59, 0x2559, 0x255A, 0x255A, 0x3D9A, 0xE7BF, 0xFFFF,
    0xFFFF, 0xFFFF, 0xFFFF, 0xFFFF, 0xFFFF, 0xFFFF, 0xFFFF, 0xFFFF, 0xFFFF, 0xFFFF, 0xFFFF, 0xFFFF,
    0xFFFF, 0xFFFF, 0xFFFF, 0xFFFF, 0xFFFF, 0xFFFF, 0xF7FF, 0xD77E, 0x4E1B, 0x25DB, 0x2DFC, 0x361C,
    0x35FC, 0x35FB, 0x361C, 0x35FB, 0x35FC, 0x361B, 0x361C, 0x361C, 0x361C, 0x35FC, 0x2D9A, 0x2519,
    0x2519, 0x2539, 0x2D7A, 0x2D9A, 0x259A, 0x259B, 0x259C, 0x25BC, 0x1DBC, 0x1D7B, 0x55FB, 0xCF5E,
    0xFFFF, 0xFFFF, 0xFFFF, 0xFFFF, 0xFFFF, 0xFFFF, 0xFFFF, 0xFFFF, 0xFFFF, 0xFFFF, 0xFFFF, 0xFFFF,
    0xFFFF, 0xFFFF, 0xFFFF, 0xFFFF, 0xFFFF, 0xFFFF, 0xFFFF, 0xFFFF, 0xFFFF, 0xFFFF, 0xFFFF, 0xFFFF,
    0xFFFF, 0xFFFF, 0xFFFF, 0xFFFF, 0xFFFF, 0xFFFF, 0xFFFF, 0xFFFF, 0xFFFF, 0xFFFF, 0xFFFF, 0xFFFF,
    0xFFFF, 0xFFFF, 0xFFFF, 0xFFFF, 0xFFFF, 0xD79F, 0x3DBB, 0x2DBC, 0x2DBC, 0x2DBC, 0x2DBC, 0x2DBC,
    0x2DBC, 0x25BC, 0x2DBC, 0x25BC, 0x25BC, 0x25BC, 0x2DBC, 0x2DBC, 0x259C, 0x259C, 0x259C, 0x2D9C,
    0x2D9C, 0x2D9C, 0x2D9C, 0x259C, 0x259C, 0x25BC, 0x2D9C, 0x2D9C, 0x2D9C, 0x2D9C, 0x2DBC, 0x2D9C,
    0x2D9C, 0x2D9C, 0x2DBC, 0x2DBD, 0x2DBD, 0x2DBD, 0x2DBD, 0x35BD, 0x3DDC, 0xCF7E, 0xFFFF, 0xFFFF,
    0xFFFF, 0xFFFF, 0xFFFF, 0xFFFF, 0xFFFF, 0xEFBF, 0x4DBA, 0x257A, 0x257A, 0x1D7A, 0x1D5A, 0x1D59,
    0x1D59, 0x1D59, 0x1D59, 0x1D59, 0x1D59, 0x1D59, 0x1D59, 0x1D59, 0x1D59, 0x1D39, 0x1D59, 0x1D59,
    0x1D39, 0x1D39, 0x1D39, 0x1D39, 0x1539, 0x1518, 0x1518, 0x1D39, 0x259A, 0x25BA, 0x2DBB, 0x2DBB,
    0x2DDB, 0x2DBB, 0x257A, 0x1D39, 0x1518, 0x1519, 0x1D39, 0x1D3A, 0x1D3A, 0x4DBA, 0xF7DF, 0xFFFF,
    0xFFFF, 0xFFFF, 0xFFFF, 0xFFFF, 0xFFFF, 0xFFFF, 0xFFFF, 0xFFFF, 0xFFFF, 0xFFFF, 0xFFFF, 0xFFFF,
    0xFFFF, 0xFFFF, 0xFFFF, 0xFFFF, 0xFFFF, 0xF7DF, 0xA71D, 0x2DBB, 0x35FC, 0x361C, 0x35FC, 0x35FB,
    0x35FC, 0x35FC, 0x35FC, 0x35FB, 0x35FC, 0x2DFC, 0x35FC, 0x361C, 0x2DDB, 0x1D59, 0x1D39, 0x1D39,
    0x2539, 0x2559, 0x2559, 0x359A, 0x5E1B, 0x9EDC, 0xD77E, 0xE7BF, 0xEFDF, 0xEFBF, 0xE7BF, 0xB71D,
    0x9EDC, 0xDF7E, 0xFFFF, 0xFFFF, 0xFFFF, 0xFFFF, 0xFFFF, 0xFFFF, 0xFFFF, 0xFFFF, 0xFFFF, 0xFFFF,
    0xFFFF, 0xFFFF, 0xFFFF, 0xFFFF, 0xFFFF, 0xFFFF, 0xFFFF, 0xFFFF, 0xFFFF, 0xFFFF, 0xFFFF, 0xFFFF,
    0xFFFF, 0xFFFF, 0xFFFF, 0xFFFF, 0xFFFF, 0xFFFF, 0xFFFF, 0xFFFF, 0xFFFF, 0xFFFF, 0xFFFF, 0xFFFF,
    0xFFFF, 0xFFFF, 0xFFFF, 0xFFFF, 0xF7FF, 0x7E9D, 0x2D9C, 0x2DBC, 0x35BC, 0x2DBC, 0x2DBC, 0x2DBC,
    0x2DBC, 0x2DBC, 0x2DBC, 0x2DBC, 0x25BC, 0x259C, 0x259C, 0x2D9C, 0x2D9C, 0x2D9C, 0x2D9C, 0x259C,
    0x2DBC, 0x259C, 0x2D9C, 0x2D9C, 0x259C, 0x259D, 0x259C, 0x25BD, 0x2D9C, 0x2D9C, 0x2D9C, 0x2DBC,
    0x2DBC, 0x2D9C, 0x2D9D, 0x259C, 0x2DBD, 0x2DBD, 0x2DBD, 0x2DBD, 0x35BD, 0x35BD, 0x35DD, 0x665D,
    0xEFBF, 0xFFFF, 0xFFFF, 0xFFFF, 0xFFFF, 0xFFFF, 0xFFFF, 0xFFFF, 0xA6FD, 0x2D7A, 0x1D7A, 0x1D7A,
    0x1D59, 0x1D59, 0x1D59, 0x1559, 0x1D59, 0x1D59, 0x1D59, 0x1D59, 0x1D39, 0x1D59, 0x1D39, 0x1D39,
    0x1D39, 0x1D39, 0x1D39, 0x1D39, 0x1539, 0x1519, 0x1539, 0x1519, 0x1D19, 0x1519, 0x1519, 0x1D19,
    0x1519, 0x1519, 0x1519, 0x1519, 0x1519, 0x1D19, 0x1D19, 0x1D19, 0x1D19, 0x867C, 0xFFFF, 0xFFFF,
    0xFFFF, 0xFFFF, 0xFFFF, 0xFFFF, 0xFFFF, 0xFFFF, 0xFFFF, 0xFFFF, 0xFFFF, 0xFFFF, 0xFFFF, 0xFFFF,
    0xFFFF, 0xFFFF, 0xFFFF, 0xFFFF, 0xF7DF, 0x96DD, 0x35DB, 0x361C, 0x361C, 0x35FC, 0x35FC, 0x35FC,
    0x35FC, 0x35FC, 0x35FC, 0x35FB, 0x35FB, 0x35FC, 0x2DFB, 0x35FB, 0x259A, 0x1D39, 0x1D59, 0x255A,
    0x1D59, 0x3579, 0xB71D, 0xF7DF, 0xFFFF, 0xFFFF, 0xFFFF, 0xFFFF, 0xFFFF, 0xFFFF, 0xFFFF, 0xFFFF,
    0xFFFF, 0xFFFF, 0xFFFF, 0xFFFF, 0xFFFF, 0xFFFF, 0xFFFF, 0xFFFF, 0xFFFF, 0xFFFF, 0xFFFF, 0xFFFF,
    0xFFFF, 0xFFFF, 0xFFFF, 0xFFFF, 0xFFFF, 0xFFFF, 0xFFFF, 0xFFFF, 0xFFFF, 0xFFFF, 0xFFFF, 0xFFFF,
    0xFFFF, 0xFFFF, 0xFFFF, 0xFFFF, 0xFFFF, 0xFFFF, 0xFFFF, 0xFFFF, 0xFFFF, 0xFFFF, 0xFFFF, 0xFFFF,
    0xFFFF, 0xFFFF, 0xFFFF, 0xFFFF, 0xE79F, 0x3DBC, 0x2DBD, 0x2DBD, 0x2DBC, 0x2DBC, 0x2DBC, 0x2DBC,
    0x2DBC, 0x2D9C, 0x2DBC, 0x2D9C, 0x2DBC, 0x259C, 0x2D9C, 0x259C, 0x2D9C, 0x259C, 0x2DBC, 0x2D9C,
    0x2DBC, 0x2D9C, 0x2D9C, 0x2DBC, 0x2D9C, 0x259C, 0x2DBC, 0x2DBD, 0x2DBD, 0x2D9C, 0x2DBC, 0x2DBD,
    0x35DD, 0x35FD, 0x35DD, 0x2DBC, 0x2D7C, 0x2D9C, 0x2DBD, 0x2DDD, 0x35DE, 0x35FE, 0x3E1E, 0x35FE,
    0x35FD, 0x463E, 0x96DE, 0xFFFF, 0xFFFF, 0xFFFF, 0xFFFF, 0xFFFF, 0xFFFF, 0xFFFF, 0xEFDF, 0x5DFA,
    0x255A, 0x1D5A, 0x1D59, 0x1D59, 0x1D59, 0x1D39, 0x1D59, 0x1D39, 0x1D39, 0x1D39, 0x1539, 0x1D39,
    0x1D39, 0x1539, 0x1539, 0x1D39, 0x1D39, 0x1519, 0x1519, 0x1519, 0x1519, 0x1519, 0x1D39, 0x1D39,
    0x1D39, 0x1D19, 0x1D39, 0x1D19, 0x1D19, 0x1D39, 0x1D39, 0x1D19, 0x2D39, 0xCF7E, 0xFFFF, 0xFFFF,
    0xFFFF, 0xFFFF, 0xFFFF, 0xFFFF, 0xFFFF, 0xFFFF, 0xFFFF, 0xFFFF, 0xFFFF, 0xFFFF, 0xFFFF, 0xFFFF,
    0xFFFF, 0xFFFF, 0xFFFF, 0xF7DF, 0x8EDD, 0x35DB, 0x2DFC, 0x35FC, 0x35FC, 0x2DFB, 0x2DFB, 0x35FB,
    0x2DFB, 0x35FB, 0x35FB, 0x35FB, 0x361C, 0x35FB, 0x35FB, 0x35FB, 0x2DBB, 0x2D9A, 0x2D9A, 0x2D79,
    0x96BC, 0xF7DF, 0xFFFF, 0xFFFF, 0xFFFF, 0xFFFF, 0xFFFF, 0xFFFF, 0xFFFF, 0xFFFF, 0xFFFF, 0xFFFF,
    0xFFFF, 0xFFFF, 0xFFFF, 0xFFFF, 0xFFFF, 0xFFFF, 0xFFFF, 0xFFFF, 0xFFFF, 0xFFFF, 0xFFFF, 0xFFFF,
    0xFFFF, 0xFFFF, 0xFFFF, 0xFFFF, 0xFFFF, 0xFFFF, 0xFFFF, 0xFFFF, 0xFFFF, 0xFFFF, 0xFFFF, 0xFFFF,
    0xFFFF, 0xFFFF, 0xFFFF, 0xFFFF, 0xFFFF, 0xFFFF, 0xFFFF, 0xFFFF, 0xFFFF, 0xFFFF, 0xFFFF, 0xFFFF,
    0xFFFF, 0xFFFF, 0xFFFF, 0xFFFF, 0xBF3E, 0x2D9C, 0x2DBD, 0x2DBD, 0x2DBC, 0x2DBC, 0x2DBC, 0x2DBC,
    0x2DBC, 0x2DBC, 0x259C, 0x2D9C, 0x2D9C, 0x2DBC, 0x259C, 0x25BC, 0x259C, 0x259C, 0x2D9C, 0x2D9C,
    0x2D9C, 0x25BC, 0x2D9C, 0x2D9C, 0x2D9C, 0x2D9C, 0x2D9D, 0x2DBD, 0x2DDD, 0x35DD, 0x2D9C, 0x1CFA,
    0x1478, 0x0437, 0x0457, 0x0C57, 0x0C78, 0x0C78, 0x0C78, 0x0C78, 0x0C77, 0x0457, 0x0C57, 0x0C57,
    0x0C57, 0x1478, 0x1CF9, 0x255B, 0x565D, 0xEFBF, 0xFFFF, 0xFFFF, 0xFFFF, 0xFFFF, 0xFFFF, 0xFFFF,
    0xFFFF, 0xAF1D, 0x2D59, 0x1D39, 0x1D59, 0x1D59, 0x1D59, 0x1D39, 0x1539, 0x1539, 0x1539, 0x1D39,
    0x1539, 0x1539, 0x1539, 0x1539, 0x1539, 0x1539, 0x1519, 0x1519, 0x1519, 0x1519, 0x1D19, 0x1D39,
    0x1D39, 0x1D39, 0x1D19, 0x1D19, 0x1D19, 0x1D19, 0x1D39, 0x1D19, 0x7E5B, 0xF7FF, 0xFFFF, 0xFFFF,
    0xFFFF, 0xFFFF, 0xFFFF, 0xFFFF, 0xFFFF, 0xFFFF, 0xFFFF, 0xFFFF, 0xFFFF, 0xFFFF, 0xFFFF, 0xFFFF,
    0xFFFF, 0xFFFF, 0xFFFF, 0xA71D, 0x2DDB, 0x2E1C, 0x35FC, 0x35FC, 0x35FB, 0x2DFB, 0x2DFB, 0x35FB,
    0x2DFB, 0x2DFB, 0x2DFC, 0x35FC, 0x35FB, 0x35FB, 0x35FB, 0x35DB, 0x2DBB, 0x259A, 0x2D7A, 0xA6FD,
    0xFFFF, 0xFFFF, 0xFFFF, 0xFFFF, 0xFFFF, 0xFFFF, 0xFFFF, 0xFFFF, 0xFFFF, 0xFFFF, 0xFFFF, 0xFFFF,
    0xFFFF, 0xFFFF, 0xFFFF, 0xFFFF, 0xFFFF, 0xFFFF, 0xFFFF, 0xFFFF, 0xFFFF, 0xFFFF, 0xFFFF, 0xFFFF,
    0xFFFF, 0xFFFF, 0xFFFF, 0xFFFF, 0xFFFF, 0xFFFF, 0xFFFF, 0xFFFF, 0xFFFF, 0xFFFF, 0xFFFF, 0xFFFF,
    0xFFFF, 0xFFFF, 0xFFFF, 0xFFFF, 0xFFFF, 0xFFFF, 0xFFFF, 0xFFFF, 0xFFFF, 0xFFFF, 0xFFFF, 0xFFFF,
    0xFFFF, 0xFFFF, 0xFFFF, 0xFFFF, 0x96BD, 0x2DBD, 0x2DBD, 0x2DBC, 0x2DBC, 0x2DBC, 0x25BC, 0x2DBC,
    0x2DBC, 0x2DBC, 0x25BC, 0x2DBC, 0x259C, 0x259C, 0x259C, 0x259C, 0x259C, 0x259C, 0x259C, 0x2DBC,
    0x259C, 0x2D9C, 0x2D9C, 0x2D9C, 0x2D9C, 0x2DBD, 0x2DDD, 0x257C, 0x14B9, 0x0457, 0x0457, 0x0C57,
    0x0C78, 0x0C78, 0x0C98, 0x0C98, 0x0C98, 0x0C78, 0x0C98, 0x0C98, 0x0C98, 0x0C98, 0x0C98, 0x0C98,
    0x0C98, 0x0C98, 0x0C98, 0x1498, 0x1498, 0x0C78, 0x1CD9, 0x8E7C, 0xFFFF, 0xFFFF, 0xFFFF, 0xFFFF,
    0xFFFF, 0xFFFF, 0xFFFF, 0xF7DF, 0x8E7C, 0x1D19, 0x1539, 0x1D39, 0x1D39, 0x1D39, 0x1539, 0x1539,
    0x1D39, 0x1519, 0x1539, 0x1539, 0x1519, 0x1539, 0x1539, 0x1519, 0x1519, 0x1519, 0x1519, 0x1519,
    0x1519, 0x1519, 0x1D39, 0x1D19, 0x1D19, 0x1D19, 0x14F9, 0x3D79, 0xDF9F, 0xFFFF, 0xFFFF, 0xFFFF,
    0xFFFF, 0xFFFF, 0xFFFF, 0xFFFF, 0xFFFF, 0xFFFF, 0xFFFF, 0xFFFF, 0xFFFF, 0xFFFF, 0xFFFF, 0xFFFF,
    0xFFFF, 0xFFFF, 0xC75E, 0x35DB, 0x2DFC, 0x35FC, 0x361C, 0x2DFB, 0x35FB, 0x35FC, 0x2DFB, 0x2DFB,
    0x2DFB, 0x2DDB, 0x2DFB, 0x35FB, 0x35FB, 0x35FB, 0x2DFB, 0x2DDB, 0x2DBB, 0x259B, 0x86BD, 0xF7FF,
    0xFFFF, 0xFFFF, 0xFFFF, 0xFFFF, 0xFFFF, 0xFFFF, 0xFFFF, 0xFFFF, 0xFFFF, 0xFFFF, 0xFFFF, 0xFFFF,
    0xFFFF, 0xFFFF, 0xFFFF, 0xFFFF, 0xFFFF, 0xFFFF, 0xFFFF, 0xFFFF, 0xFFFF, 0xFFFF, 0xFFFF, 0xFFFF,
    0xFFFF, 0xFFFF, 0xFFFF, 0xFFFF, 0xFFFF, 0xFFFF, 0xFFFF, 0xFFFF, 0xFFFF, 0xFFFF, 0xFFFF, 0xFFFF,
    0xFFFF, 0xFFFF, 0xFFFF, 0xFFFF, 0xFFFF, 0xFFFF, 0xFFFF, 0xFFFF, 0xFFFF, 0xFFFF, 0xFFFF, 0xFFFF,
    0xFFFF, 0xFFFF, 0xFFFF, 0xFFFF, 0x869D, 0x2DDD, 0x2DBD, 0x2DBC, 0x2DBC, 0x25BC, 0x2DBC, 0x25BC,
    0x2DBC, 0x2D9C, 0x2D9C, 0x2DBC, 0x2DBC, 0x259C, 0x259C, 0x2DBC, 0x259C, 0x259C, 0x259C, 0x2D9C,
    0x2D9C, 0x2D9C, 0x2D9C, 0x2DBC, 0x35DD, 0x257C, 0x14B8, 0x0457, 0x0C78, 0x0C78, 0x0C98, 0x0C98,
    0x0C78, 0x0C78, 0x0C98, 0x0C98, 0x0C78, 0x0C98, 0x0C98, 0x0C98, 0x0C98, 0x0C98, 0x0C98, 0x0C98,
    0x0C98, 0x0C98, 0x0C98, 0x0C98, 0x1498, 0x1498, 0x14B8, 0x1498, 0x1457, 0x2CF9, 0xDF9E, 0xFFFF,
    0xFFFF, 0xFFFF, 0xFFFF, 0xFFFF, 0xFFFF, 0xFFFF, 0xE7BF, 0x55BA, 0x1D19, 0x1539, 0x1D39, 0x1539,
    0x1519, 0x1D19, 0x1539, 0x1519, 0x1519, 0x1519, 0x1519, 0x1519, 0x1519, 0x1519, 0x1519, 0x1519,
    0x1519, 0x1519, 0x1519, 0x1D19, 0x1D39, 0x14F9, 0x2D39, 0xCF5E, 0xFFFF, 0xFFFF, 0xFFFF, 0xFFFF,
    0xFFFF, 0xFFFF, 0xFFFF, 0xFFFF, 0xFFFF, 0xFFFF, 0xFFFF, 0xFFFF, 0xFFFF, 0xFFFF, 0xFFFF, 0xFFFF,
    0xFFFF, 0xE7BF, 0x4DFB, 0x35FB, 0x361C, 0x35FC, 0x35FC, 0x35FC, 0x2DFB, 0x35FB, 0x35FC, 0x35FB,
    0x2DFB, 0x2DFC, 0x2DFB, 0x35FB, 0x35FC, 0x35FB, 0x35FB, 0x2DDB, 0x2DDB, 0x3DDB, 0xD79E, 0xFFFF,
    0xFFFF, 0xFFFF, 0xFFFF, 0xFFFF, 0xFFFF, 0xFFFF, 0xFFFF, 0xFFFF, 0xFFFF, 0xFFFF, 0xFFFF, 0xFFFF,
    0xFFFF, 0xFFFF, 0xFFFF, 0xFFFF, 0xFFFF, 0xFFFF, 0xFFFF, 0xFFFF, 0xFFFF, 0xFFFF, 0xFFFF, 0xFFFF,
    0xFFFF, 0xFFFF, 0xFFFF, 0xFFFF, 0xFFFF, 0xFFFF, 0xFFFF, 0xFFFF, 0xFFFF, 0xFFFF, 0xFFFF, 0xFFFF,
    0xFFFF, 0xFFFF, 0xFFFF, 0xFFFF, 0xFFFF, 0xFFFF, 0xFFFF, 0xFFFF, 0xFFFF, 0xFFFF, 0xFFFF, 0xFFFF,
    0xFFFF, 0xFFFF, 0xFFFF, 0xFFFF, 0x7E7D, 0x25BC, 0x2DBD, 0x2DBC, 0x2DBC, 0x25BC, 0x25BC, 0x25BC,
    0x2DBC, 0x259C, 0x2DBC, 0x2DBC, 0x2DBC, 0x259C, 0x25BC, 0x2D9C, 0x25BC, 0x259C, 0x2D9C, 0x2D9C,
    0x2D9C, 0x2D9C, 0x2DDD, 0x2DBC, 0x1498, 0x0437, 0x0C78, 0x0C98, 0x0C98, 0x0C98, 0x0C98, 0x0C98,
    0x0C98, 0x0C98, 0x0C98, 0x0C98, 0x0C98, 0x0C98, 0x0C98, 0x0C98, 0x0C98, 0x0C98, 0x0C98, 0x0C98,
    0x0C98, 0x1498, 0x0C98, 0x0C98, 0x0C98, 0x0C98, 0x0CB8, 0x14B8, 0x0CB8, 0x14B8, 0x0CB8, 0x1498,
    0x8E5C, 0xFFFF, 0xFFFF, 0xFFFF, 0xFFFF, 0xFFFF, 0xFFFF, 0xFFFF, 0xFFFF, 0xE7BF, 0x6DFB, 0x24F8,
    0x1D19, 0x1D39, 0x1D59, 0x1D39, 0x1D59, 0x1539, 0x1539, 0x1D39, 0x1D39, 0x1D39, 0x1D39, 0x1D39,
    0x1D19, 0x2539, 0x2539, 0x1D19, 0x1CD8, 0x4579, 0xD77E, 0xFFFF, 0xFFFF, 0xFFFF, 0xFFFF, 0xFFFF,
    0xFFFF, 0xFFFF, 0xFFFF, 0xFFFF, 0xFFFF, 0xFFFF, 0xFFFF, 0xFFFF, 0xFFFF, 0xFFFF, 0xFFFF, 0xFFFF,
    0xEFDF, 0x5E3C, 0x2DDB, 0x35FC, 0x35FC, 0x2DFB, 0x2DFB, 0x2DFB, 0x2DFB, 0x2DFB, 0x2DFB, 0x35FB,
    0x35FC, 0x2DFB, 0x2DFB, 0x2DFB, 0x35FB, 0x35FB, 0x35FB, 0x2DFB, 0x2DBB, 0x7E7C, 0xF7FF, 0xFFFF,
    0xFFFF, 0xFFFF, 0xFFFF, 0xFFFF, 0xFFFF, 0xFFFF, 0xFFFF, 0xFFFF, 0xFFFF, 0xFFFF, 0xFFFF, 0xFFFF,
    0xFFFF, 0xFFFF, 0xFFFF, 0xFFFF, 0xFFFF, 0xFFFF, 0xFFFF, 0xFFFF, 0xFFFF, 0xFFFF, 0xFFFF, 0xFFFF,
    0xFFFF, 0xFFFF, 0xFFFF, 0xFFFF, 0xFFFF, 0xFFFF, 0xFFFF, 0xFFFF, 0xFFFF, 0xFFFF, 0xFFFF, 0xFFFF,
    0xFFFF, 0xFFFF, 0xFFFF, 0xFFFF, 0xFFFF, 0xFFFF, 0xFFFF, 0xFFFF, 0xFFFF, 0xFFFF, 0xFFFF, 0xFFFF,
    0xFFFF, 0xFFFF, 0xFFFF, 0xFFFF, 0x7E7D, 0x2DBD, 0x2DBD, 0x2DBC, 0x25BC, 0x2D9C, 0x259D, 0x25BC,
    0x25BC, 0x25BC, 0x2DBC, 0x2DBC, 0x2DBC, 0x2D9C, 0x259C, 0x259C, 0x259C, 0x2D9C, 0x2D9C, 0x2D9C,
    0x2D9C, 0x2DDD, 0x257B, 0x0C57, 0x0C57, 0x0C78, 0x0C98, 0x0C98, 0x0C98, 0x0C98, 0x0C98, 0x0C98,
    0x0C98, 0x0C98, 0x0C98, 0x0C98, 0x0C98, 0x0C98, 0x0C98, 0x0C98, 0x0C98, 0x0C98, 0x0C98, 0x0C98,
    0x0C98, 0x0C98, 0x0C98, 0x0C98, 0x14B8, 0x0C98, 0x0C98, 0x14B8, 0x0CB8, 0x14B8, 0x14B8, 0x14D8,
    0x14B8, 0x14D9, 0x3D39, 0xE79F, 0xFFFF, 0xFFFF, 0xFFFF, 0xFFFF, 0xFFFF, 0xFFFF, 0xFFFF, 0xFFFF,
    0xF7FF, 0xE79E, 0x8E9C, 0x3559, 0x2518, 0x1D19, 0x14F9, 0x1519, 0x1D39, 0x1D39, 0x1D19, 0x1CF9,
    0x1CF9, 0x1CF8, 0x2D19, 0x55BA, 0xC75E, 0xF7DF, 0xFFFF, 0xFFFF, 0xFFFF, 0xFFFF, 0xFFFF, 0xFFFF,
    0xFFFF, 0xFFFF, 0xFFFF, 0xFFFF, 0xFFFF, 0xFFFF, 0xFFFF, 0xFFFF, 0xFFFF, 0xFFFF, 0xFFFF, 0xF7FF,
    0x8EBD, 0x2DFB, 0x361C, 0x35FC, 0x35FB, 0x35FB, 0x2DFB, 0x2DDB, 0x2DFB, 0x2DFC, 0x2DFB, 0x2DFB,
    0x35FB, 0x2DFB, 0x2DFB, 0x2DFC, 0x2DFB, 0x2DFB, 0x35FB, 0x35DB, 0x35BB, 0xBF5E, 0xFFFF, 0xFFFF,
    0xFFFF, 0xFFFF, 0xFFFF, 0xFFFF, 0xFFFF, 0xFFFF, 0xFFFF, 0xFFFF, 0xFFFF, 0xFFFF, 0xFFFF, 0xFFFF,
    0xFFFF, 0xFFFF, 0xFFFF, 0xFFFF, 0xFFFF, 0xFFFF, 0xFFFF, 0xFFFF, 0xFFFF, 0xFFFF, 0xFFFF, 0xFFFF,
    0xFFFF, 0xFFFF, 0xFFFF, 0xFFFF, 0xFFFF, 0xFFFF, 0xFFFF, 0xFFFF, 0xFFFF, 0xFFFF, 0xFFFF, 0xFFFF,
    0xFFFF, 0xFFFF, 0xFFFF, 0xFFFF, 0xFFFF, 0xFFFF, 0xFFFF, 0xFFFF, 0xFFFF, 0xFFFF, 0xFFFF, 0xFFFF,
    0xFFFF, 0xFFFF, 0xFFFF, 0xFFFF, 0x7E7D, 0x2DBC, 0x2DBC, 0x2DBC, 0x25BC, 0x2DBC, 0x2DBC, 0x2DBD,
    0x25BC, 0x25BC, 0x2DBC, 0x2D9C, 0x2D9C, 0x2D9C, 0x2D9C, 0x259C, 0x2D9C, 0x259C, 0x259C, 0x2DBD,
    0x2DDD, 0x1D1A, 0x0437, 0x0C77, 0x0C78, 0x0C78, 0x0C78, 0x0C98, 0x0C78, 0x0C78, 0x0C98, 0x0C98,
    0x0C98, 0x0C98, 0x0C98, 0x0C98, 0x0C98, 0x0C98, 0x0C98, 0x0C98, 0x0C98, 0x0C98, 0x0C98, 0x0C98,
    0x0C98, 0x0C98, 0x0C98, 0x14B8, 0x0C98, 0x1498, 0x0C98, 0x0CB8, 0x0CB8, 0x0CB8, 0x0CB8, 0x14B8,
    0x14B8, 0x0CB8, 0x0CB8, 0x14D8, 0x1CB8, 0x8E7C, 0xFFFF, 0xFFFF, 0xFFFF, 0xFFFF, 0xFFFF, 0xFFFF,
    0xFFFF, 0xFFFF, 0xFFFF, 0xFFFF, 0xFFFF, 0xFFFF, 0xEFDF, 0xE7BF, 0xC75E, 0xA6FD, 0xA6FD, 0xCF7E,
    0xDF9E, 0xEFBF, 0xF7DF, 0xFFFF, 0xFFFF, 0xFFFF, 0xFFFF, 0xFFFF, 0xFFFF, 0xFFFF, 0xFFFF, 0xFFFF,
    0xFFFF, 0xFFFF, 0xFFFF, 0xFFFF, 0xFFFF, 0xFFFF, 0xFFFF, 0xFFFF, 0xFFFF, 0xFFFF, 0xFFFF, 0xAF1E,
    0x35DB, 0x35FC, 0x35FC, 0x35FC, 0x35FB, 0x35FB, 0x35FB, 0x2DFB, 0x2DFB, 0x2DFB, 0x2DFB, 0x2DFB,
    0x2DFB, 0x35FB, 0x35FB, 0x2DFB, 0x2DFB, 0x2DDB, 0x2DFB, 0x2DDB, 0x4DFB, 0xEFDF, 0xFFFF, 0xFFFF,
    0xFFFF, 0xFFFF, 0xFFFF, 0xFFFF, 0xFFFF, 0xFFFF, 0xFFFF, 0xFFFF, 0xFFFF, 0xFFFF, 0xFFFF, 0xFFFF,
    0xFFFF, 0xFFFF, 0xFFFF, 0xFFFF, 0xFFFF, 0xFFFF, 0xFFFF, 0xFFFF, 0xFFFF, 0xFFFF, 0xFFFF, 0xFFFF,
    0xFFFF, 0xFFFF, 0xFFFF, 0xFFFF, 0xFFFF, 0xFFFF, 0xFFFF, 0xFFFF, 0xFFFF, 0xFFFF, 0xFFFF, 0xFFFF,
    0xFFFF, 0xFFFF, 0xFFFF, 0xFFFF, 0xFFFF, 0xFFFF, 0xFFFF, 0xFFFF, 0xFFFF, 0xFFFF, 0xFFFF, 0xFFFF,
    0xFFFF, 0xFFFF, 0xFFFF, 0xFFFF, 0x96DD, 0x2DBD, 0x35BC, 0x35BC, 0x2DBC, 0x2DBC, 0x2DBC, 0x2DBC,
    0x2DBD, 0x259C, 0x25BC, 0x25BC, 0x2DBC, 0x2D9C, 0x2DBC, 0x2DBC, 0x259C, 0x259C, 0x2D9C, 0x2DDD,
    0x251B, 0x0437, 0x0C57, 0x0C78, 0x0C78, 0x0C78, 0x0C78, 0x0C78, 0x0C98, 0x0C78, 0x0C98, 0x0C98,
    0x0C98, 0x0C98, 0x0C98, 0x0C98, 0x0C98, 0x0C98, 0x0C98, 0x0C98, 0x0C98, 0x0C98, 0x0C98, 0x0C98,
    0x0C98, 0x0C98, 0x0C98, 0x0C98, 0x0C98, 0x1498, 0x1498, 0x0C98, 0x0CB8, 0x0CB8, 0x14B8, 0x0CB8,
    0x0CB8, 0x14B8, 0x14B8, 0x14B8, 0x14B8, 0x14B8, 0x14B8, 0x34F8, 0xDF9E, 0xFFFF, 0xFFFF, 0xFFFF,
    0xFFFF, 0xFFFF, 0xFFFF, 0xFFFF, 0xFFFF, 0xFFFF, 0xFFFF, 0xFFFF, 0xFFFF, 0xFFFF, 0xFFFF, 0xFFFF,
    0xFFFF, 0xFFFF, 0xFFFF, 0xFFFF, 0xFFFF, 0xFFFF, 0xFFFF, 0xFFFF, 0xFFFF, 0xFFFF, 0xFFFF, 0xFFFF,
    0xFFFF, 0xFFFF, 0xFFFF, 0xFFFF, 0xFFFF, 0xFFFF, 0xFFFF, 0xFFFF, 0xFFFF, 0xFFFF, 0xAF1D, 0x3DDB,
    0x35FC, 0x35FC, 0x35FC, 0x35FC, 0x2DFB, 0x35FB, 0x35FB, 0x35FB, 0x2DFB, 0x2DFB, 0x2DFB, 0x2DFB,
    0x2DFB, 0x2DFB, 0x35FB, 0x35FB, 0x2DFB, 0x2DFC, 0x2DFB, 0x2DBB, 0x767C, 0xF7FF, 0xFFFF, 0xFFFF,
    0xFFFF, 0xFFFF, 0xFFFF, 0xFFFF, 0xFFFF, 0xFFFF, 0xFFFF, 0xFFFF, 0xFFFF, 0xFFFF, 0xFFFF, 0xFFFF,
    0xFFFF, 0xFFFF, 0xFFFF, 0xFFFF, 0xFFFF, 0xFFFF, 0xFFFF, 0xFFFF, 0xFFFF, 0xFFFF, 0xFFFF, 0xFFFF,
    0xFFFF, 0xFFFF, 0xFFFF, 0xFFFF, 0xFFFF, 0xFFFF, 0xFFFF, 0xFFFF, 0xFFFF, 0xFFFF, 0xFFFF, 0xFFFF,
    0xFFFF, 0xFFFF, 0xFFFF, 0xFFFF, 0xFFFF, 0xFFFF, 0xFFFF, 0xFFFF, 0xFFFF, 0xFFFF, 0xFFFF, 0xFFFF,
    0xFFFF, 0xFFFF, 0xFFFF, 0xFFFF, 0x96BD, 0x2DBC, 0x2DBC, 0x2DBC, 0x2DBC, 0x2DBC, 0x2DBC, 0x2DBC,
    0x2DBC, 0x259C, 0x25BC, 0x25BC, 0x25BC, 0x2D9C, 0x2D9C, 0x2D9C, 0x2DBC, 0x2DBD, 0x2DDD, 0x2D7C,
    0x0C57, 0x0457, 0x0C78, 0x0C78, 0x0C78, 0x0C78, 0x0C78, 0x0C78, 0x0C98, 0x0C78, 0x0C98, 0x0C98,
    0x0C98, 0x0C98, 0x0C98, 0x0C98, 0x0C98, 0x0C98, 0x0C98, 0x0C98, 0x0C98, 0x0C98, 0x0C98, 0x0C98,
    0x0C98, 0x0C98, 0x0CB8, 0x0C98, 0x0CB8, 0x14B8, 0x14B8, 0x14B8, 0x14B8, 0x14B8, 0x14B8, 0x14B8,
    0x14B8, 0x14B8, 0x14B8, 0x14B8, 0x14B8, 0x14D8, 0x14D8, 0x14D8, 0x14B8, 0x14D8, 0x7E5C, 0xF7FF,
    0xFFFF, 0xFFFF, 0xFFFF, 0xFFFF, 0xFFFF, 0xFFFF, 0xFFFF, 0xFFFF, 0xFFFF, 0xFFFF, 0xFFFF, 0xFFFF,
    0xFFFF, 0xFFFF, 0xFFFF, 0xFFFF, 0xFFFF, 0xFFFF, 0xFFFF, 0xFFFF, 0xFFFF, 0xFFFF, 0xFFFF, 0xFFFF,
    0xFFFF, 0xFFFF, 0xFFFF, 0xFFFF, 0xFFFF, 0xFFFF, 0xFFFF, 0xFFFF, 0xFFFF, 0x9EFD, 0x35DB, 0x2DFB,
    0x35FC, 0x2DFB, 0x35FB, 0x35FB, 0x35FB, 0x2DFB, 0x35FB, 0x2DFB, 0x2DFB, 0x2DFB, 0x2DFB, 0x2DFB,
    0x2DFB, 0x35FB, 0x35FB, 0x35FB, 0x35FB, 0x2DDB, 0x2DDB, 0x2DBB, 0x9EDD, 0xFFFF, 0xFFFF, 0xFFFF,
    0xFFFF, 0xFFFF, 0xFFFF, 0xFFFF, 0xFFFF, 0xFFFF, 0xFFFF, 0xFFFF, 0xFFFF, 0xFFFF, 0xFFFF, 0xFFFF,
    0xFFFF, 0xFFFF, 0xFFFF, 0xFFFF, 0xFFFF, 0xFFFF, 0xFFFF, 0xFFFF, 0xFFFF, 0xFFFF, 0xFFFF, 0xFFFF,
    0xFFFF, 0xFFFF, 0xFFFF, 0xFFFF, 0xFFFF, 0xFFFF, 0xFFFF, 0xFFFF, 0xFFFF, 0xFFFF, 0xFFFF, 0xFFFF,
    0xFFFF, 0xFFFF, 0xFFFF, 0xFFFF, 0xFFFF, 0xFFFF, 0xFFFF, 0xFFFF, 0xFFFF, 0xFFFF, 0xFFFF, 0xFFFF,
    0xFFFF, 0xFFFF, 0xFFFF, 0xFFFF, 0xA6FE, 0x2DDD, 0x2DBD, 0x2DBC, 0x2DBC, 0x2DBC, 0x2DBC, 0x2DBC,
    0x2D9C, 0x2D9C, 0x25BC, 0x259D, 0x259C, 0x259C, 0x2D9C, 0x2DBC, 0x2D9C, 0x2DBD, 0x2DBC, 0x0C78,
    0x0457, 0x0C78, 0x0C78, 0x0C78, 0x0C78, 0x0C98, 0x0C78, 0x0C78, 0x0C78, 0x0C98, 0x0C98, 0x0C98,
    0x0C98, 0x0C98, 0x0C98, 0x0C98, 0x0C98, 0x0C98, 0x0C98, 0x0C98, 0x0C98, 0x0C98, 0x0C98, 0x0C98,
    0x0C98, 0x0C98, 0x0C98, 0x0C98, 0x0CB8, 0x0C98, 0x14B8, 0x14B8, 0x14D8, 0x14B8, 0x14B8, 0x14B8,
    0x14D8, 0x14D8, 0x14B8, 0x14D8, 0x0CD8, 0x14D8, 0x14D8, 0x14D8, 0x14D8, 0x14D8, 0x14D8, 0x14D9,
    0x24F9, 0xB71D, 0xFFFF, 0xFFFF, 0xFFFF, 0xFFFF, 0xFFFF, 0xFFFF, 0xFFFF, 0xFFFF, 0xFFFF, 0xFFFF,
    0xFFFF, 0xFFFF, 0xFFFF, 0xFFFF, 0xFFFF, 0xFFFF, 0xFFFF, 0xFFFF, 0xFFFF, 0xFFFF, 0xFFFF, 0xFFFF,
    0xFFFF, 0xFFFF, 0xFFFF, 0xFFFF, 0xFFFF, 0xFFFF, 0xFFFF, 0xF7FF, 0x9EFD, 0x35DB, 0x2DFB, 0x2DFB,
    0x2DFB, 0x35FB, 0x2DFB, 0x2DFB, 0x2DFB, 0x2DFB, 0x35FB, 0x35FB, 0x2DFB, 0x35FB, 0x2DFB, 0x2DDB,
    0x2DFB, 0x2DFB, 0x35FB, 0x35FB, 0x35FB, 0x35FB, 0x35DB, 0x2DBB, 0xC75E, 0xFFFF, 0xFFFF, 0xFFFF,
    0xFFFF, 0xFFFF, 0xFFFF, 0xFFFF, 0xFFFF, 0xFFFF, 0xFFFF, 0xFFFF, 0xFFFF, 0xFFFF, 0xFFFF, 0xFFFF,
    0xFFFF, 0xFFFF, 0xFFFF, 0xFFFF, 0xFFFF, 0xFFFF, 0xFFFF, 0xFFFF, 0xFFFF, 0xFFFF, 0xFFFF, 0xFFFF,
    0xFFFF, 0xFFFF, 0xFFFF, 0xFFFF, 0xFFFF, 0xFFFF, 0xFFFF, 0xFFFF, 0xFFFF, 0xFFFF, 0xFFFF, 0xFFFF,
    0xFFFF, 0xFFFF, 0xFFFF, 0xFFFF, 0xFFFF, 0xFFFF, 0xFFFF, 0xFFFF, 0xFFFF, 0xFFFF, 0xFFFF, 0xFFFF,
    0xFFFF, 0xFFFF, 0xFFFF, 0xFFFF, 0xB73E, 0x2DBD, 0x2DBD, 0x2DBC, 0x2DBC, 0x2DBC, 0x2DBC, 0x2DBC,
    0x2D9C, 0x2DBC, 0x25BC, 0x259C, 0x25BC, 0x259C, 0x259C, 0x2DBC, 0x2DBC, 0x2DDD, 0x14B9, 0x0437,
    0x0C78, 0x0C78, 0x0C78, 0x0C78, 0x0C78, 0x0C78, 0x0C78, 0x0C98, 0x0C78, 0x0C78, 0x0C78, 0x0C78,
    0x0C98, 0x0C78, 0x0C78, 0x0C98, 0x0C98, 0x0C98, 0x0C98, 0x0C98, 0x0C98, 0x0C98, 0x0C98, 0x0C98,
    0x0C98, 0x0C98, 0x0C98, 0x0C98, 0x0CB8, 0x0C98, 0x0C98, 0x14B8, 0x14B8, 0x14B8, 0x14B8, 0x14D8,
    0x14B8, 0x14D8, 0x14D8, 0x14D8, 0x14D8, 0x14B8, 0x14B8, 0x14D8, 0x14D8, 0x14D8, 0x14D8, 0x14D9,
    0x14F9, 0x14F9, 0x14D8, 0x24F8, 0xA6DD, 0xFFFF, 0xFFFF, 0xFFFF, 0xFFFF, 0xFFFF, 0xFFFF, 0xFFFF,
    0xFFFF, 0xFFFF, 0xFFFF, 0xFFFF, 0xFFFF, 0xFFFF, 0xFFFF, 0xFFFF, 0xFFFF, 0xFFFF, 0xFFFF, 0xFFFF,
    0xFFFF, 0xFFFF, 0xFFFF, 0xFFFF, 0xFFFF, 0xFFFF, 0xF7DF, 0x869C, 0x35DB, 0x35FB, 0x35FB, 0x35FB,
    0x35FB, 0x2DFB, 0x35FB, 0x35FB, 0x2DFB, 0x2DFB, 0x2DFB, 0x2DFB, 0x35FB, 0x2DDB, 0x35FB, 0x2DFB,
    0x2DFB, 0x2DFB, 0x2DDB, 0x35FB, 0x35FB, 0x35FB, 0x2DFB, 0x35BB, 0xDF9E, 0xFFFF, 0xFFFF, 0xFFFF,
    0xFFFF, 0xFFFF, 0xFFFF, 0xFFFF, 0xFFFF, 0xFFFF, 0xFFFF, 0xFFFF, 0xFFFF, 0xFFFF, 0xFFFF, 0xFFFF,
    0xFFFF, 0xFFFF, 0xFFFF, 0xFFFF, 0xFFFF, 0xFFFF, 0xFFFF, 0xFFFF, 0xFFFF, 0xFFFF, 0xFFFF, 0xFFFF,
    0xFFFF, 0xFFFF, 0xFFFF, 0xFFFF, 0xFFFF, 0xFFFF, 0xFFFF, 0xFFFF, 0xFFFF, 0xFFFF, 0xFFFF, 0xFFFF,
    0xFFFF, 0xFFFF, 0xFFFF, 0xFFFF, 0xFFFF, 0xFFFF, 0xFFFF, 0xFFFF, 0xFFFF, 0xFFFF, 0xFFFF, 0xFFFF,
    0xFFFF, 0xFFFF, 0xFFFF, 0xFFFF, 0xD77E, 0x35DD, 0x2DBD, 0x2DBD, 0x2DBC, 0x2D9C, 0x2DBC, 0x2DBC,
    0x2DBC, 0x2DBC, 0x2D9C, 0x2D9C, 0x25BC, 0x259C, 0x259D, 0x25BC, 0x35DD, 0x253B, 0x0437, 0x0457,
    0x0C78, 0x0C78, 0x0C78, 0x0C78, 0x0C78, 0x0C78, 0x0C78, 0x0C78, 0x0C78, 0x0C78, 0x0C78, 0x0C98,
    0x0C98, 0x0C78, 0x0C98, 0x0C98, 0x0C98, 0x0C98, 0x0C98, 0x0C98, 0x0C98, 0x0C98, 0x0C98, 0x0C98,
    0x0C98, 0x0C98, 0x0C98, 0x0C98, 0x0C98, 0x0C98, 0x0C57, 0x0C57, 0x1477, 0x1477, 0x1C97, 0x1C97,
    0x1477, 0x1457, 0x1477, 0x1498, 0x14B8, 0x14B8, 0x14B8, 0x14D8, 0x14D8, 0x14D9, 0x14D8, 0x14D8,
    0x14F9, 0x14F9, 0x14D9, 0x14F9, 0x14F9, 0x1CF9, 0x24F9, 0x969C, 0xF7DF, 0xFFFF, 0xFFFF, 0xFFFF,
    0xFFFF, 0xFFFF, 0xFFFF, 0xFFFF, 0xFFFF, 0xFFFF, 0xFFFF, 0xFFFF, 0xFFFF, 0xFFFF, 0xFFFF, 0xFFFF,
    0xFFFF, 0xFFFF, 0xFFFF, 0xFFFF, 0xFFFF, 0xD79E, 0x4DDA, 0x2DDB, 0x35FC, 0x35FC, 0x35FB, 0x35FB,
    0x2DFB, 0x2DFB, 0x35FB, 0x35FB, 0x2DFB, 0x2DFB, 0x2DDB, 0x2DFB, 0x2DFB, 0x2DDB, 0x2DFB, 0x35FB,
    0x2DDB, 0x2DDB, 0x2DDB, 0x2DFB, 0x2DFB, 0x35DB, 0x2DFB, 0x359A, 0xDF9F, 0xFFFF, 0xFFFF, 0xFFFF,
    0xFFFF, 0xFFFF, 0xFFFF, 0xFFFF, 0xFFFF, 0xFFFF, 0xFFFF, 0xFFFF, 0xFFFF, 0xFFFF, 0xFFFF, 0xFFFF,
    0xFFFF, 0xFFFF, 0xFFFF, 0xFFFF, 0xFFFF, 0xFFFF, 0xFFFF, 0xFFFF, 0xFFFF, 0xFFFF, 0xFFFF, 0xFFFF,
    0xFFFF, 0xFFFF, 0xFFFF, 0xFFFF, 0xFFFF, 0xFFFF, 0xFFFF, 0xFFFF, 0xFFFF, 0xFFFF, 0xFFFF, 0xFFFF,
    0xFFFF, 0xFFFF, 0xFFFF, 0xFFFF, 0xFFFF, 0xFFFF, 0xFFFF, 0xFFFF, 0xFFFF, 0xFFFF, 0xFFFF, 0xFFFF,
    0xFFFF, 0xFFFF, 0xFFFF, 0xFFFF, 0xC75E, 0x35BC, 0x25BD, 0x2DBD, 0x2DBD, 0x2D9C, 0x2D9C, 0x2D9C,
    0x2DBC, 0x2D9D, 0x2D9C, 0x2D9C, 0x2DBC, 0x259C, 0x259D, 0x2DBD, 0x2D9C, 0x0C77, 0x0457, 0x0C78,
    0x0C78, 0x0C78, 0x0C78, 0x0C78, 0x0C78, 0x0C78, 0x0C78, 0x0C78, 0x0C78, 0x0C78, 0x0C98, 0x0C78,
    0x0C78, 0x0C78, 0x0C98, 0x0C98, 0x0C98, 0x0C98, 0x0C98, 0x0CB8, 0x0CB8, 0x0C98, 0x14B8, 0x14B8,
    0x14B8, 0x1CB8, 0x1477, 0x1C76, 0x4538, 0x9E9C, 0xD75E, 0xE79E, 0xEFBF, 0xF7DF, 0xFFFF, 0xFFFF,
    0xFFFF, 0xFFFF, 0xF7FF, 0xEFDF, 0xE7BF, 0xDF9E, 0xD77E, 0xAEFD, 0x6DFA, 0x4DBA, 0x3538, 0x24D8,
    0x1CD8, 0x1D19, 0x1D19, 0x1D19, 0x1D39, 0x1539, 0x1D3A, 0x14F9, 0x14D8, 0x24D7, 0x7E7C, 0xFFFF,
    0xFFFF, 0xFFFF, 0xFFFF, 0xFFFF, 0xFFFF, 0xFFFF, 0xFFFF, 0xFFFF, 0xFFFF, 0xFFFF, 0xFFFF, 0xFFFF,
    0xFFFF, 0xFFFF, 0xFFFF, 0xEFDF, 0x7E9C, 0x35DB, 0x2DFB, 0x2DFC, 0x2DFC, 0x35FB, 0x2DFB, 0x35FB,
    0x35FB, 0x2DFB, 0x2DFB, 0x2DFB, 0x2DFB, 0x2DFB, 0x2DFB, 0x2DDB, 0x2DFB, 0x2DFB, 0x2DDB, 0x2DFB,
    0x2DDB, 0x2DFB, 0x2DFB, 0x2DDB, 0x2DDB, 0x35FB, 0x35DB, 0x3DBA, 0xEFBF, 0xFFFF, 0xFFFF, 0xFFFF,
    0xFFFF, 0xFFFF, 0xFFFF, 0xFFFF, 0xFFFF, 0xFFFF, 0xFFFF, 0xFFFF, 0xFFFF, 0xFFFF, 0xFFFF, 0xFFFF,
    0xFFFF, 0xFFFF, 0xFFFF, 0xFFFF, 0xFFFF, 0xFFFF, 0xFFFF, 0xFFFF, 0xFFFF, 0xFFFF, 0xFFFF, 0xFFFF,
    0xFFFF, 0xFFFF, 0xFFFF, 0xFFFF, 0xFFFF, 0xFFFF, 0xFFFF, 0xFFFF, 0xFFFF, 0xFFFF, 0xFFFF, 0xFFFF,
    0xFFFF, 0xFFFF, 0xFFFF, 0xFFFF, 0xFFFF, 0xFFFF, 0xFFFF, 0xFFFF, 0xFFFF, 0xFFFF, 0xFFFF, 0xFFFF,
    0xFFFF, 0xFFFF, 0xFFFF, 0xFFFF, 0xDF9F, 0x35BC, 0x2DBD, 0x2DBD, 0x2DBC, 0x2DBD, 0x2D9C, 0x2DBC,
    0x2DBC, 0x2D9C, 0x2D9D, 0x2D9C, 0x2D9C, 0x2D9C, 0x2DBD, 0x2DDD, 0x14B9, 0x0437, 0x0C78, 0x0C78,
    0x0C78, 0x0C78, 0x0C78, 0x0C78, 0x0C78, 0x0C98, 0x0C78, 0x0C78, 0x0C78, 0x0C78, 0x0C78, 0x0C98,
    0x0C78, 0x0C98, 0x0C98, 0x0C98, 0x0C98, 0x0C98, 0x0CB8, 0x0CB8, 0x0CB8, 0x0CB8, 0x1498, 0x1477,
    0x1456, 0x4D79, 0xCF3D, 0xEFBF, 0xFFFF, 0xFFFF, 0xFFFF, 0xFFFF, 0xFFFF, 0xFFFF, 0xFFFF, 0xFFFF,
    0xFFFF, 0xFFFF, 0xFFFF, 0xFFFF, 0xFFFF, 0xFFFF, 0xFFFF, 0xFFFF, 0xFFFF, 0xFFFF, 0xFFFF, 0xFFFF,
    0xFFFF, 0xF7DF, 0xF7DF, 0xEFDF, 0xE7BF, 0xE79E, 0xE79E, 0xE79E, 0xE7BF, 0xE7BF, 0xEFDF, 0xEFDF,
    0xFFFF, 0xFFFF, 0xFFFF, 0xFFFF, 0xFFFF, 0xFFFF, 0xFFFF, 0xFFFF, 0xFFFF, 0xFFFF, 0xFFFF, 0xFFFF,
    0xFFFF, 0xF7DF, 0x96DD, 0x3DDB, 0x2DFC, 0x2DFC, 0x2DFC, 0x2DFB, 0x2DFB, 0x2DFB, 0x2DFB, 0x35FB,
    0x2DFB, 0x35FB, 0x2DFB, 0x2DFB, 0x2DFB, 0x2DFB, 0x2DFB, 0x2DFB, 0x2DFB, 0x2DFB, 0x35DB, 0x2DDB,
    0x35FB, 0x35FB, 0x2DFB, 0x2DDB, 0x2DDB, 0x2DDB, 0x35DB, 0x45DB, 0xEFDF, 0xFFFF, 0xFFFF, 0xFFFF,
    0xFFFF, 0xFFFF, 0xFFFF, 0xFFFF, 0xFFFF, 0xFFFF, 0xFFFF, 0xFFFF, 0xFFFF, 0xFFFF, 0xFFFF, 0xFFFF,
    0xFFFF, 0xFFFF, 0xFFFF, 0xFFFF, 0xFFFF, 0xFFFF, 0xFFFF, 0xFFFF, 0xFFFF, 0xFFFF, 0xFFFF, 0xFFFF,
    0xFFFF, 0xFFFF, 0xFFFF, 0xFFFF, 0xFFFF, 0xFFFF, 0xFFFF, 0xFFFF, 0xFFFF, 0xFFFF, 0xFFFF, 0xFFFF,
    0xFFFF, 0xFFFF, 0xFFFF, 0xFFFF, 0xFFFF, 0xFFFF, 0xFFFF, 0xFFFF, 0xFFFF, 0xFFFF, 0xFFFF, 0xFFFF,
    0xFFFF, 0xFFFF, 0xFFFF, 0xFFFF, 0xE7BF, 0x3DBC, 0x2DBD, 0x2DBC, 0x2D9D, 0x2DBD, 0x2DBC, 0x2DBC,
    0x2D9C, 0x2D9C, 0x2D9C, 0x2D9C, 0x2D9C, 0x2D9C, 0x2DDD, 0x253B, 0x0437, 0x0458, 0x0C78, 0x0C78,
    0x0C78, 0x0C78, 0x0C78, 0x0C78, 0x0C78, 0x0C78, 0x0C78, 0x0C78, 0x0C78, 0x0C78, 0x0C78, 0x0C98,
    0x0C78, 0x0C78, 0x0C78, 0x0C98, 0x0C98, 0x0C98, 0x0C98, 0x0CB8, 0x0C98, 0x0CB8, 0x0C77, 0x34F8,
    0xC73D, 0xF7DF, 0xFFFF, 0xFFFF, 0xFFFF, 0xFFFF, 0xFFFF, 0xFFFF, 0xFFFF, 0xFFFF, 0xFFFF, 0xFFFF,
    0xFFFF, 0xFFFF, 0xFFFF, 0xFFFF, 0xFFFF, 0xFFFF, 0xFFFF, 0xFFFF, 0xFFFF, 0xFFFF, 0xFFFF, 0xFFFF,
    0xFFFF, 0xFFFF, 0xFFFF, 0xFFFF, 0xFFFF, 0xFFFF, 0xFFFF, 0xFFFF, 0xFFFF, 0xFFFF, 0xFFFF, 0xFFFF,
    0xFFFF, 0xFFFF, 0xFFFF, 0xFFFF, 0xFFFF, 0xFFFF, 0xFFFF, 0xFFFF, 0xFFFF, 0xFFFF, 0xFFFF, 0xD79E,
    0x7E7C, 0x45FB, 0x35FB, 0x35FC, 0x35FC, 0x35FC, 0x35FB, 0x2DFB, 0x2DFB, 0x2DFB, 0x2DFB, 0x2DFB,
    0x2DFB, 0x2DDB, 0x35FB, 0x2DFB, 0x2DFB, 0x2DFB, 0x2DFB, 0x2DFB, 0x2DDB, 0x2DFB, 0x2DFB, 0x2DDB,
    0x35FB, 0x2DDB, 0x2DDB, 0x2DDB, 0x2DFB, 0x2DDB, 0x2DDB, 0x4DFB, 0xEFDF, 0xFFFF, 0xFFFF, 0xFFFF,
    0xFFFF, 0xFFFF, 0xFFFF, 0xFFFF, 0xFFFF, 0xFFFF, 0xFFFF, 0xFFFF, 0xFFFF, 0xFFFF, 0xFFFF, 0xFFFF,
    0xFFFF, 0xFFFF, 0xFFFF, 0xFFFF, 0xFFFF, 0xFFFF, 0xFFFF, 0xFFFF, 0xFFFF, 0xFFFF, 0xFFFF, 0xFFFF,
    0xFFFF, 0xFFFF, 0xFFFF, 0xFFFF, 0xFFFF, 0xFFFF, 0xFFFF, 0xFFFF, 0xFFFF, 0xFFFF, 0xFFFF, 0xFFFF,
    0xFFFF, 0xFFFF, 0xFFFF, 0xFFFF, 0xFFFF, 0xFFFF, 0xFFFF, 0xFFFF, 0xFFFF, 0xFFFF, 0xFFFF, 0xFFFF,
    0xFFFF, 0xFFFF, 0xFFFF, 0xFFFF, 0xEFDF, 0x3DDC, 0x2DBD, 0x2DBD, 0x2DBD, 0x2DBD, 0x2DBD, 0x2DBD,
    0x2DBC, 0x2D9C, 0x2DBC, 0x2D9C, 0x2DBC, 0x2DBD, 0x2DBD, 0x0C78, 0x0457, 0x0478, 0x0478, 0x0C78,
    0x0C78, 0x0C78, 0x0C78, 0x0C78, 0x0C78, 0x0C78, 0x0C78, 0x0C78, 0x0C78, 0x0C78, 0x0C78, 0x0C78,
    0x0C78, 0x0C78, 0x0C78, 0x0C78, 0x0C98, 0x0C78, 0x0C98, 0x0C98, 0x0C98, 0x1457, 0x967C, 0xEFBF,
    0xFFFF, 0xFFFF, 0xFFFF, 0xFFFF, 0xFFFF, 0xFFFF, 0xFFFF, 0xFFFF, 0xFFFF, 0xFFFF, 0xFFFF, 0xFFFF,
    0xFFFF, 0xFFFF, 0xFFFF, 0xFFFF, 0xFFFF, 0xFFFF, 0xFFFF, 0xFFFF, 0xFFFF, 0xFFFF, 0xFFFF, 0xFFFF,
    0xFFFF, 0xFFFF, 0xFFFF, 0xFFFF, 0xFFFF, 0xFFFF, 0xFFFF, 0xFFFF, 0xFFFF, 0xFFFF, 0xFFFF, 0xFFFF,
    0xFFFF, 0xFFFF, 0xFFFF, 0xFFFF, 0xFFFF, 0xFFFF, 0xFFFF, 0xDFBF, 0xAF1D, 0x5E1B, 0x3DDA, 0x35DB,
    0x35FC, 0x35FC, 0x361C, 0x361C, 0x35FC, 0x35FB, 0x35FB, 0x35FB, 0x2DFB, 0x2DFC, 0x2DFB, 0x2DDB,
    0x2DFB, 0x2DFB, 0x2DFB, 0x2DFB, 0x2DFB, 0x2DDB, 0x2DFB, 0x2DFB, 0x2DFB, 0x2DDB, 0x2DDB, 0x2DFB,
    0x2DDB, 0x2DDB, 0x2DDB, 0x2DFB, 0x2DDB, 0x2DDB, 0x2DDB, 0x4DFB, 0xF7DF, 0xFFFF, 0xFFFF, 0xFFFF,
    0xFFFF, 0xFFFF, 0xFFFF, 0xFFFF, 0xFFFF, 0xFFFF, 0xFFFF, 0xFFFF, 0xFFFF, 0xFFFF, 0xFFFF, 0xFFFF,
    0xFFFF, 0xFFFF, 0xFFFF, 0xFFFF, 0xFFFF, 0xFFFF, 0xFFFF, 0xFFFF, 0xFFFF, 0xFFFF, 0xFFFF, 0xFFFF,
    0xFFFF, 0xFFFF, 0xFFFF, 0xFFFF, 0xFFFF, 0xFFFF, 0xFFFF, 0xFFFF, 0xFFFF, 0xFFFF, 0xFFFF, 0xFFFF,
    0xFFFF, 0xFFFF, 0xFFFF, 0xFFFF, 0xFFFF, 0xFFFF, 0xFFFF, 0xFFFF, 0xFFFF, 0xFFFF, 0xFFFF, 0xFFFF,
    0xFFFF, 0xFFFF, 0xFFFF, 0xFFFF, 0xEFDF, 0x45DC, 0x2DBD, 0x2DBD, 0x2DBD, 0x2DBD, 0x25BD, 0x2DBD,
    0x2D9D, 0x2D9C, 0x2D9C, 0x2D9C, 0x2D9C, 0x35DD, 0x1CFA, 0x0C57, 0x0C78, 0x0C78, 0x0C78, 0x0C78,
    0x0C78, 0x0C78, 0x0C78, 0x0C78, 0x0C78, 0x0C78, 0x0C78, 0x0C78, 0x0C78, 0x0C78, 0x0C78, 0x0C78,
    0x0C78, 0x0C98, 0x0C78, 0x0C98, 0x1498, 0x14B8, 0x14B8, 0x1477, 0x2CD8, 0xBEFD, 0xF7DF, 0xFFFF,
    0xFFFF, 0xFFFF, 0xFFFF, 0xFFFF, 0xFFFF, 0xFFFF, 0xFFFF, 0xFFFF, 0xFFFF, 0xFFFF, 0xFFFF, 0xFFFF,
    0xFFFF, 0xFFFF, 0xFFFF, 0xFFFF, 0xFFFF, 0xFFFF, 0xFFFF, 0xFFFF, 0xFFFF, 0xFFFF, 0xFFFF, 0xFFFF,
    0xFFFF, 0xFFFF, 0xFFFF, 0xFFFF, 0xFFFF, 0xFFFF, 0xFFFF, 0xFFFF, 0xFFFF, 0xFFFF, 0xFFFF, 0xFFFF,
    0xFFFF, 0xEFDF, 0xC75E, 0x869C, 0x561B, 0x45DB, 0x35BB, 0x2DDB, 0x2DFB, 0x2DDB, 0x2DFB, 0x2DFB,
    0x2DFB, 0x35FB, 0x2DFB, 0x35FB, 0x35FB, 0x2DFB, 0x2DFB, 0x2DFB, 0x2DFB, 0x2DFB, 0x2DFB, 0x2DFB,
    0x2DFB, 0x2DFB, 0x2DFB, 0x2DFB, 0x2DDB, 0x2DFB, 0x2DDB, 0x2DDB, 0x2DDB, 0x2DFB, 0x2DFB, 0x2DDB,
    0x2DFB, 0x2DFB, 0x2DDB, 0x2DDB, 0x2DFB, 0x2DDB, 0x2DDB, 0x561B, 0xF7DF, 0xFFFF, 0xFFFF, 0xFFFF,
    0xFFFF, 0xFFFF, 0xFFFF, 0xFFFF, 0xFFFF, 0xFFFF, 0xFFFF, 0xFFFF, 0xFFFF, 0xFFFF, 0xFFFF, 0xFFFF,
    0xFFFF, 0xFFFF, 0xFFFF, 0xFFFF, 0xFFFF, 0xFFFF, 0xFFFF, 0xFFFF, 0xFFFF, 0xFFFF, 0xFFFF, 0xFFFF,
    0xFFFF, 0xFFFF, 0xFFFF, 0xFFFF, 0xFFFF, 0xFFFF, 0xFFFF, 0xFFFF, 0xFFFF, 0xFFFF, 0xFFFF, 0xFFFF,
    0xFFFF, 0xFFFF, 0xFFFF, 0xFFFF, 0xFFFF, 0xFFFF, 0xFFFF, 0xFFFF, 0xFFFF, 0xFFFF, 0xFFFF, 0xFFFF,
    0xFFFF, 0xFFFF, 0xFFFF, 0xFFFF, 0xF7DF, 0x45DC, 0x2DBD, 0x2DBD, 0x2DBD, 0x2DBD, 0x2DBD, 0x2D9D,
    0x259D, 0x2DBC, 0x2D9C, 0x2D9C, 0x35DD, 0x2D7C, 0x0C58, 0x0C78, 0x0C78, 0x0C78, 0x0C78, 0x0C78,
    0x0C78, 0x0C78, 0x0C78, 0x0C78, 0x0C78, 0x0C78, 0x0C78, 0x0C78, 0x0C78, 0x0C78, 0x0C78, 0x0C78,
    0x0C78, 0x0C78, 0x0C98, 0x1498, 0x0C98, 0x0C98, 0x1497, 0x34D8, 0xC73E, 0xFFFF, 0xFFFF, 0xFFFF,
    0xFFFF, 0xFFFF, 0xFFFF, 0xFFFF, 0xFFFF, 0xFFFF, 0xFFFF, 0xFFFF, 0xFFFF, 0xFFFF, 0xFFFF, 0xFFFF,
    0xFFFF, 0xFFFF, 0xFFFF, 0xFFFF, 0xFFFF, 0xFFFF, 0xFFFF, 0xFFFF, 0xFFFF, 0xFFFF, 0xFFFF, 0xFFFF,
    0xFFFF, 0xFFFF, 0xFFFF, 0xF7DF, 0xE7BF, 0xBF5E, 0x8E9C, 0x6E5C, 0x5E1B, 0x4DFB, 0x45DB, 0x35DB,
    0x2DDB, 0x2DDC, 0x2DFC, 0x2DFC, 0x2DFC, 0x35FC, 0x35FC, 0x2DFB, 0x2DFB, 0x2DFB, 0x2DFB, 0x2DFB,
    0x2DFB, 0x2DFB, 0x2DFB, 0x2DFB, 0x35FB, 0x2DFB, 0x2DFB, 0x2DDB, 0x2DDB, 0x2DFB, 0x2DFB, 0x2DFB,
    0x2DFB, 0x2DFB, 0x2DFB, 0x2DFB, 0x2DFB, 0x2DFB, 0x2DDB, 0x2DDB, 0x2DFB, 0x2DFB, 0x2DFB, 0x2DDB,
    0x2DDB, 0x2DFB, 0x2DDB, 0x2DDB, 0x2DDB, 0x2DDB, 0x2DDB, 0x4DFB, 0xEFDF, 0xFFFF, 0xFFFF, 0xFFFF,
    0xFFFF, 0xFFFF, 0xFFFF, 0xFFFF, 0xFFFF, 0xFFFF, 0xFFFF, 0xFFFF, 0xFFFF, 0xFFFF, 0xFFFF, 0xFFFF,
    0xFFFF, 0xFFFF, 0xFFFF, 0xFFFF, 0xFFFF, 0xFFFF, 0xFFFF, 0xFFFF, 0xFFFF, 0xFFFF, 0xFFFF, 0xFFFF,
    0xFFFF, 0xFFFF, 0xFFFF, 0xFFFF, 0xFFFF, 0xFFFF, 0xFFFF, 0xFFFF, 0xFFFF, 0xFFFF, 0xFFFF, 0xFFFF,
    0xFFFF, 0xFFFF, 0xFFFF, 0xFFFF, 0xFFFF, 0xFFFF, 0xFFFF, 0xFFFF, 0xFFFF, 0xFFFF, 0xFFFF, 0xFFFF,
    0xFFFF, 0xFFFF, 0xFFFF, 0xFFFF, 0xEFBF, 0x45DC, 0x35BD, 0x2DBD, 0x2DBD, 0x2DBD, 0x2DBD, 0x2DBD,
    0x259D, 0x2DBD, 0x2DBC, 0x2DBD, 0x2DBD, 0x1498, 0x0457, 0x0C78, 0x0C78, 0x0C78, 0x0C78, 0x0C78,
    0x0C78, 0x0C78, 0x0C78, 0x0C78, 0x0C77, 0x0C78, 0x0C77, 0x0C78, 0x0C78, 0x0C78, 0x0C78, 0x0C78,
    0x0C78, 0x0C78, 0x0C78, 0x0C98, 0x0C98, 0x0C57, 0x2CB8, 0xC73D, 0xFFFF, 0xFFFF, 0xFFFF, 0xFFFF,
    0xFFFF, 0xFFFF, 0xFFFF, 0xFFFF, 0xFFFF, 0xFFFF, 0xFFFF, 0xFFFF, 0xFFFF, 0xFFFF, 0xFFFF, 0xFFFF,
    0xFFFF, 0xFFFF, 0xFFFF, 0xFFFF, 0xFFFF, 0xEFDF, 0xA6FD, 0x5DDA, 0x459A, 0x357A, 0x2D59, 0x2D9B,
    0x259B, 0x259B, 0x259B, 0x2DDB, 0x35DB, 0x2DFB, 0x2DDC, 0x35FB, 0x35FB, 0x2DFB, 0x2DFC, 0x35FC,
    0x35FC, 0x2DFC, 0x2DFC, 0x2DFB, 0x2DFB, 0x2DFB, 0x2DFB, 0x2DFB, 0x2DDB, 0x2DDB, 0x2DFB, 0x2DFB,
    0x2DFB, 0x2DFB, 0x2DFB, 0x2DFB, 0x2DFB, 0x2DFB, 0x2DFB, 0x2DFB, 0x2DFB, 0x2DFB, 0x2DFB, 0x2DDB,
    0x2DDB, 0x2DDB, 0x2DFB, 0x2DFB, 0x2DFB, 0x2DDB, 0x2DFB, 0x2DFB, 0x2DFB, 0x2DFB, 0x2DFB, 0x2DFB,
    0x2DDB, 0x2DDB, 0x2DDB, 0x2DDB, 0x2DDB, 0x2DDB, 0x2DDB, 0x4DFB, 0xEFDF, 0xFFFF, 0xFFFF, 0xFFFF,
    0xFFFF, 0xFFFF, 0xFFFF, 0xFFFF, 0xFFFF, 0xFFFF, 0xFFFF, 0xFFFF, 0xFFFF, 0xFFFF, 0xFFFF, 0xFFFF,
    0xFFFF, 0xFFFF, 0xFFFF, 0xFFFF, 0xFFFF, 0xFFFF, 0xFFFF, 0xFFFF, 0xFFFF, 0xFFFF, 0xFFFF, 0xFFFF,
    0xFFFF, 0xFFFF, 0xFFFF, 0xFFFF, 0xFFFF, 0xFFFF, 0xFFFF, 0xFFFF, 0xFFFF, 0xFFFF, 0xFFFF, 0xFFFF,
    0xFFFF, 0xFFFF, 0xFFFF, 0xFFFF, 0xFFFF, 0xFFFF, 0xFFFF, 0xFFFF, 0xFFFF, 0xFFFF, 0xFFFF, 0xFFFF,
    0xFFFF, 0xFFFF, 0xFFFF, 0xFFFF, 0xD77E, 0x3DDD, 0x35DD, 0x2DBD, 0x2DBD, 0x2DBD, 0x2DBD, 0x2DBD,
    0x2DBD, 0x259D, 0x2DBD, 0x2DBD, 0x1CFA, 0x0457, 0x0C78, 0x0C78, 0x0C78, 0x0C78, 0x0C78, 0x0C78,
    0x0C78, 0x0C78, 0x0C78, 0x0C78, 0x0C78, 0x0C78, 0x0C78, 0x0C78, 0x0C78, 0x0C78, 0x0C78, 0x0C78,
    0x0C78, 0x0C78, 0x0C78, 0x0C78, 0x0C78, 0x1477, 0xAEDC, 0xFFFF, 0xFFFF, 0xFFFF, 0xFFFF, 0xFFFF,
    0xFFFF, 0xFFFF, 0xFFFF, 0xFFFF, 0xFFFF, 0xFFFF, 0xFFFF, 0xFFFF, 0xFFFF, 0xFFFF, 0xFFFF, 0xFFFF,
    0xFFFF, 0xFFFF, 0xF7DF, 0x8E9C, 0x4579, 0x2519, 0x1D19, 0x1D3A, 0x255A, 0x255A, 0x255A, 0x1D7A,
    0x257A, 0x257A, 0x25BB, 0x2DFC, 0x2DDB, 0x35FB, 0x35FB, 0x35FC, 0x35FC, 0x35FC, 0x35FC, 0x2DFC,
    0x2DFB, 0x2DFB, 0x35FC, 0x35FB, 0x2DFB, 0x2DFB, 0x2DFB, 0x2DFB, 0x2DDB, 0x2DDB, 0x2DFB, 0x2DFB,
    0x2DFB, 0x2DFB, 0x2DFB, 0x2DFB, 0x2DFB, 0x2DFB, 0x2DFB, 0x2DFB, 0x2DFB, 0x2DFB, 0x2DFB, 0x2DFB,
    0x2DDB, 0x2DFB, 0x2DDB, 0x2DFB, 0x2DFB, 0x2DDB, 0x2DFB, 0x2DFB, 0x2DFB, 0x2DDB, 0x2DDB, 0x2DDB,
    0x2DDB, 0x2DDB, 0x2DDB, 0x2DFB, 0x2DDB, 0x2DDB, 0x2DDB, 0x45DB, 0xEFDF, 0xFFFF, 0xFFFF, 0xFFFF,
    0xFFFF, 0xFFFF, 0xFFFF, 0xFFFF, 0xFFFF, 0xFFFF, 0xFFFF, 0xFFFF, 0xFFFF, 0xFFFF, 0xFFFF, 0xFFFF,
    0xFFFF, 0xFFFF, 0xFFFF, 0xFFFF, 0xFFFF, 0xFFFF, 0xFFFF, 0xFFFF, 0xFFFF, 0xFFFF, 0xFFFF, 0xFFFF,
    0xFFFF, 0xFFFF, 0xFFFF, 0xFFFF, 0xFFFF, 0xFFFF, 0xFFFF, 0xFFFF, 0xFFFF, 0xFFFF, 0xFFFF, 0xFFFF,
    0xFFFF, 0xFFFF, 0xFFFF, 0xFFFF, 0xFFFF, 0xFFFF, 0xFFFF, 0xFFFF, 0xFFFF, 0xFFFF, 0xFFFF, 0xFFFF,
    0xFFFF, 0xFFFF, 0xFFFF, 0xFFFF, 0xA6FE, 0x2DBC, 0x2DBD, 0x2DBD, 0x2DBD, 0x2D9C, 0x2DBD, 0x2DBC,
    0x2D9D, 0x2DBD, 0x35DE, 0x1D1A, 0x0437, 0x0C78, 0x0C78, 0x0C78, 0x0C78, 0x0C78, 0x0C78, 0x0C78,
    0x0C78, 0x0C78, 0x0C78, 0x0C78, 0x0C78, 0x0C78, 0x0C98, 0x0C78, 0x0C78, 0x0C78, 0x0C78, 0x0C78,
    0x0C78, 0x0C98, 0x0C98, 0x0C98, 0x0C57, 0x7DFA, 0xEFDF, 0xFFFF, 0xFFFF, 0xFFFF, 0xFFFF, 0xFFFF,
    0xFFFF, 0xFFFF, 0xFFFF, 0xFFFF, 0xFFFF, 0xFFFF, 0xFFFF, 0xFFFF, 0xFFFF, 0xFFFF, 0xFFFF, 0xFFFF,
    0xFFFF, 0xB71D, 0x3D7A, 0x14F9, 0x14F9, 0x1519, 0x1D19, 0x1D19, 0x1519, 0x1D39, 0x1D39, 0x1D39,
    0x1D39, 0x1D39, 0x1D39, 0x1D39, 0x1D39, 0x1D39, 0x257A, 0x35FB, 0x361C, 0x2DFB, 0x2DFB, 0x2DFB,
    0x2DFB, 0x2DDB, 0x2DFB, 0x2DFB, 0x2DFB, 0x2DFB, 0x2DFB, 0x2DDB, 0x2DFB, 0x2DDB, 0x2DFB, 0x2DFB,
    0x2DFB, 0x2DFB, 0x2DFB, 0x2DFB, 0x2DFB, 0x2DFB, 0x2DFB, 0x2DFB, 0x2DFB, 0x2DFB, 0x2DFB, 0x2DFB,
    0x2DFB, 0x2DFB, 0x2DFB, 0x2DDB, 0x2DDB, 0x2DFB, 0x2DDB, 0x2DDB, 0x2DDB, 0x2DDB, 0x2DDB, 0x2DDB,
    0x2DDB, 0x2DDB, 0x2DDB, 0x2DDB, 0x2DDB, 0x2DDB, 0x2DBB, 0x45BA, 0xEFDF, 0xFFFF, 0xFFFF, 0xFFFF,
    0xFFFF, 0xFFFF, 0xFFFF, 0xFFFF, 0xFFFF, 0xFFFF, 0xFFFF, 0xFFFF, 0xFFFF, 0xFFFF, 0xFFFF, 0xFFFF,
    0xFFFF, 0xFFFF, 0xFFFF, 0xFFFF, 0xFFFF, 0xFFFF, 0xFFFF, 0xFFFF, 0xFFFF, 0xFFFF, 0xFFFF, 0xFFFF,
    0xFFFF, 0xFFFF, 0xFFFF, 0xFFFF, 0xFFFF, 0xFFFF, 0xFFFF, 0xFFFF, 0xFFFF, 0xFFFF, 0xFFFF, 0xFFFF,
    0xFFFF, 0xFFFF, 0xFFFF, 0xFFFF, 0xFFFF, 0xFFFF, 0xFFFF, 0xFFFF, 0xFFFF, 0xFFFF, 0xFFFF, 0xFFFF,
    0xFFFF, 0xFFFF, 0xFFFF, 0xFFFF, 0x6E5D, 0x2DBD, 0x2DBD, 0x2DBD, 0x2DBC, 0x2D9C, 0x2DBC, 0x2DBC,
    0x2DBC, 0x35DD, 0x255B, 0x0C57, 0x0C78, 0x0C78, 0x0C78, 0x0C78, 0x0C98, 0x0C98, 0x0C78, 0x0C78,
    0x0C98, 0x0C78, 0x0C78, 0x0C78, 0x0C78, 0x0C78, 0x0C78, 0x0C78, 0x0C78, 0x0C78, 0x0C78, 0x0C78,
    0x0C78, 0x0C78, 0x1498, 0x0C37, 0x4539, 0xDF7E, 0xFFFF, 0xFFFF, 0xFFFF, 0xFFFF, 0xFFFF, 0xFFFF,
    0xFFFF, 0xFFFF, 0xFFFF, 0xFFFF, 0xFFFF, 0xFFFF, 0xFFFF, 0xFFFF, 0xFFFF, 0xFFFF, 0xFFFF, 0xFFFF,
    0x9E9C, 0x2D19, 0x14F9, 0x1519, 0x1519, 0x1519, 0x1519, 0x1519, 0x1519, 0x1519, 0x1519, 0x1D39,
    0x1D39, 0x1D39, 0x1539, 0x1D39, 0x1539, 0x1539, 0x1D39, 0x1D39, 0x1D39, 0x2559, 0x2DDB, 0x35FB,
    0x2DFB, 0x2DFB, 0x2DDB, 0x2DDB, 0x2DFB, 0x2DDB, 0x2DFB, 0x2DFB, 0x2DFB, 0x2DFB, 0x2DDB, 0x2DDB,
    0x2DFB, 0x2DFB, 0x2DDB, 0x2DFB, 0x2DDB, 0x2DFB, 0x2DDB, 0x2DDB, 0x2DDB, 0x2DFB, 0x2DFB, 0x2DDB,
    0x2DFB, 0x2DDB, 0x2DDB, 0x2DFB, 0x2DDB, 0x2DFB, 0x2DDB, 0x2DDB, 0x2DFB, 0x2DDB, 0x2DDB, 0x2DFB,
    0x2DDB, 0x2DDB, 0x2DDB, 0x2DDB, 0x2DDB, 0x2DDB, 0x2DDB, 0x3D9A, 0xEFBF, 0xFFFF, 0xFFFF, 0xFFFF,
    0xFFFF, 0xFFFF, 0xFFFF, 0xFFFF, 0xFFFF, 0xFFFF, 0xFFFF, 0xFFFF, 0xFFFF, 0xFFFF, 0xFFFF, 0xFFFF,
    0xFFFF, 0xFFFF, 0xFFFF, 0xFFFF, 0xFFFF, 0xFFFF, 0xFFFF, 0xFFFF, 0xFFFF, 0xFFFF, 0xFFFF, 0xFFFF,
    0xFFFF, 0xFFFF, 0xFFFF, 0xFFFF, 0xFFFF, 0xFFFF, 0xFFFF, 0xFFFF, 0xFFFF, 0xFFFF, 0xFFFF, 0xFFFF,
    0xFFFF, 0xFFFF, 0xFFFF, 0xFFFF, 0xFFFF, 0xFFFF, 0xFFFF, 0xFFFF, 0xFFFF, 0xFFFF, 0xFFFF, 0xFFFF,
    0xFFFF, 0xFFFF, 0xFFFF, 0xD77E, 0x45FC, 0x2DBD, 0x2DBD, 0x2DBC, 0x2DBC, 0x2D9D, 0x2D9C, 0x2DBD,
    0x35DD, 0x257C, 0x0C78, 0x0C57, 0x0C78, 0x0C78, 0x0C78, 0x0C98, 0x0C98, 0x0C78, 0x0C98, 0x0C78,
    0x0C78, 0x0C78, 0x0C78, 0x0C78, 0x0C78, 0x0C78, 0x0C78, 0x0C78, 0x0C77, 0x0C78, 0x0C78, 0x0C78,
    0x0C78, 0x0C78, 0x0C57, 0x2CB7, 0xC71D, 0xFFFF, 0xFFFF, 0xFFFF, 0xFFFF, 0xFFFF, 0xFFFF, 0xFFFF,
    0xFFFF, 0xFFFF, 0xFFFF, 0xFFFF, 0xFFFF, 0xFFFF, 0xFFFF, 0xFFFF, 0xFFFF, 0xFFFF, 0xFFFF, 0x9E9C,
    0x2D18, 0x1CF9, 0x1519, 0x1519, 0x1519, 0x1519, 0x1519, 0x1519, 0x1519, 0x1519, 0x1519, 0x1D19,
    0x1519, 0x1519, 0x1519, 0x1539, 0x1539, 0x1539, 0x1539, 0x1D39, 0x1D39, 0x1D39, 0x1D39, 0x1519,
    0x1D5A, 0x2DFB, 0x2DFB, 0x2DFB, 0x2DDB, 0x2DDB, 0x2DFB, 0x2DFB, 0x2DFB, 0x2DDB, 0x2DFB, 0x2DFB,
    0x2DDB, 0x2DDB, 0x2DFB, 0x2DFB, 0x2DDB, 0x2DDB, 0x2DFB, 0x2DFB, 0x2DDB, 0x2DDB, 0x2DFB, 0x2DDB,
    0x2DFB, 0x2DDB, 0x2DDB, 0x2DFB, 0x2DFB, 0x2DDB, 0x2DDB, 0x2DDB, 0x2DDB, 0x2DDB, 0x2DFB, 0x2DDB,
    0x2DFB, 0x2DDB, 0x2DDB, 0x2DDB, 0x2DDB, 0x2DBB, 0x2DBB, 0x45DB, 0xEFBF, 0xFFFF, 0xFFFF, 0xFFFF,
    0xFFFF, 0xFFFF, 0xFFFF, 0xFFFF, 0xFFFF, 0xFFFF, 0xFFFF, 0xFFFF, 0xFFFF, 0xFFFF, 0xFFFF, 0xFFFF,
    0xFFFF, 0xFFFF, 0xFFFF, 0xFFFF, 0xFFFF, 0xFFFF, 0xFFFF, 0xFFFF, 0xFFFF, 0xFFFF, 0xFFFF, 0xFFFF,
    0xFFFF, 0xFFFF, 0xFFFF, 0xFFFF, 0xFFFF, 0xFFFF, 0xFFFF, 0xFFFF, 0xFFFF, 0xFFFF, 0xFFFF, 0xFFFF,
    0xFFFF, 0xFFFF, 0xFFFF, 0xFFFF, 0xFFFF, 0xFFFF, 0xFFFF, 0xFFFF, 0xFFFF, 0xFFFF, 0xFFFF, 0xFFFF,
    0xFFFF, 0xFFFF, 0xFFFF, 0x7E7D, 0x2DDD, 0x2DDD, 0x2DBD, 0x2DBD, 0x2DBC, 0x2D9C, 0x2DBD, 0x35DD,
    0x2D7B, 0x1498, 0x0C78, 0x0C98, 0x0C78, 0x0C78, 0x0C78, 0x0C78, 0x0C98, 0x0C78, 0x0C98, 0x0C98,
    0x0C78, 0x0C78, 0x0C78, 0x0C78, 0x0C78, 0x0C78, 0x0C78, 0x0C78, 0x0C78, 0x0C78, 0x0C78, 0x0C78,
    0x0C78, 0x0C77, 0x1C77, 0xB6FD, 0xFFFF, 0xFFFF, 0xFFFF, 0xFFFF, 0xFFFF, 0xFFFF, 0xFFFF, 0xFFFF,
    0xFFFF, 0xFFFF, 0xFFFF, 0xFFFF, 0xFFFF, 0xFFFF, 0xFFFF, 0xFFFF, 0xFFFF, 0xFFFF, 0xB6FD, 0x3519,
    0x1CF9, 0x1D19, 0x1D19, 0x1D19, 0x14F9, 0x1519, 0x1519, 0x1519, 0x1519, 0x1519, 0x1519, 0x1519,
    0x1519, 0x1519, 0x1D39, 0x1519, 0x1519, 0x1539, 0x1539, 0x1539, 0x1D39, 0x1D39, 0x1D39, 0x1D39,
    0x1539, 0x1519, 0x1539, 0x259A, 0x2DFB, 0x2DDB, 0x2DFB, 0x2DFB, 0x2DFB, 0x2DFB, 0x2DFB, 0x2DFB,
    0x2DDB, 0x2DFB, 0x2DDB, 0x2DFB, 0x2DDB, 0x2DDB, 0x2DFB, 0x2DFB, 0x2DDB, 0x2DDB, 0x2DFB, 0x2DFB,
    0x2DDB, 0x2DDB, 0x2DDB, 0x2DDB, 0x2DFB, 0x2DDB, 0x2DDB, 0x2DDB, 0x2DDB, 0x2DFB, 0x2DFB, 0x2DFB,
    0x2DDB, 0x2DDB, 0x2DDB, 0x2DDB, 0x2DDB, 0x2DBB, 0x2DDB, 0x357A, 0xE7BF, 0xFFFF, 0xFFFF, 0xFFFF,
    0xFFFF, 0xFFFF, 0xFFFF, 0xFFFF, 0xFFFF, 0xFFFF, 0xFFFF, 0xFFFF, 0xFFFF, 0xFFFF, 0xFFFF, 0xFFFF,
    0xFFFF, 0xFFFF, 0xFFFF, 0xFFFF, 0xFFFF, 0xFFFF, 0xFFFF, 0xFFFF, 0xFFFF, 0xFFFF, 0xFFFF, 0xFFFF,
    0xFFFF, 0xFFFF, 0xFFFF, 0xFFFF, 0xFFFF, 0xFFFF, 0xFFFF, 0xFFFF, 0xFFFF, 0xFFFF, 0xFFFF, 0xFFFF,
    0xFFFF, 0xFFFF, 0xFFFF, 0xFFFF, 0xFFFF, 0xFFFF, 0xFFFF, 0xFFFF, 0xFFFF, 0xFFFF, 0xFFFF, 0xFFFF,
    0xFFFF, 0xFFFF, 0xAF1E, 0x3DFD, 0x2DBD, 0x2DBD, 0x2DBD, 0x2DBD, 0x2DBD, 0x35DD, 0x2DBC, 0x1CF9,
    0x0C78, 0x0C78, 0x0C78, 0x0C98, 0x0C98, 0x0C98, 0x0C98, 0x0C78, 0x0C98, 0x0C78, 0x0C78, 0x0C78,
    0x0C78, 0x0C78, 0x0C78, 0x0C78, 0x0C78, 0x0C78, 0x0C78, 0x0C78, 0x0C78, 0x1498, 0x0C98, 0x1498,
    0x0C77, 0x1C77, 0xA6BC, 0xF7DF, 0xFFFF, 0xFFFF, 0xFFFF, 0xFFFF, 0xFFFF, 0xFFFF, 0xFFFF, 0xFFFF,
    0xFFFF, 0xFFFF, 0xFFFF, 0xFFFF, 0xFFFF, 0xFFFF, 0xFFFF, 0xFFFF, 0xFFFF, 0xB71D, 0x3D9A, 0x14F8,
    0x1D39, 0x1D19, 0x1D19, 0x1D19, 0x1D19, 0x1519, 0x14F9, 0x14F9, 0x1519, 0x1519, 0x1519, 0x1519,
    0x14F9, 0x1519, 0x1519, 0x1519, 0x1519, 0x1519, 0x1519, 0x1519, 0x1539, 0x1D39, 0x1D39, 0x1D39,
    0x1D39, 0x1539, 0x1539, 0x1539, 0x1519, 0x1519, 0x2DDB, 0x2DFB, 0x2DFB, 0x2DDB, 0x2DFB, 0x2DDB,
    0x2DFB, 0x2DDB, 0x2DDB, 0x2DDB, 0x2DFB, 0x2DDB, 0x2DDB, 0x2DDB, 0x2DFB, 0x2DFB, 0x2DFB, 0x2DFB,
    0x2DFB, 0x2DDB, 0x2DDB, 0x2DDB, 0x2DDB, 0x2DDB, 0x2DDB, 0x2DDB, 0x2DDB, 0x2DDB, 0x2DDB, 0x2DDB,
    0x2DDB, 0x2DDB, 0x2DDB, 0x2DDB, 0x2DDB, 0x2DDB, 0x2DBB, 0x357A, 0xE7BF, 0xFFFF, 0xFFFF, 0xFFFF,
    0xFFFF, 0xFFFF, 0xFFFF, 0xFFFF, 0xFFFF, 0xFFFF, 0xFFFF, 0xFFFF, 0xFFFF, 0xFFFF, 0xFFFF, 0xFFFF,
    0xFFFF, 0xFFFF, 0xFFFF, 0xFFFF, 0xFFFF, 0xFFFF, 0xFFFF, 0xFFFF, 0xFFFF, 0xFFFF, 0xFFFF, 0xFFFF,
    0xFFFF, 0xFFFF, 0xFFFF, 0xFFFF, 0xFFFF, 0xFFFF, 0xFFFF, 0xFFFF, 0xFFFF, 0xFFFF, 0xFFFF, 0xFFFF,
    0xFFFF, 0xFFFF, 0xFFFF, 0xFFFF, 0xFFFF, 0xFFFF, 0xFFFF, 0xFFFF, 0xFFFF, 0xFFFF, 0xFFFF, 0xFFFF,
    0xFFFF, 0xAF1E, 0x4E1D, 0x2DBD, 0x2DBD, 0x2DDD, 0x2DDD, 0x35DD, 0x2DBD, 0x1D3A, 0x0C78, 0x0C78,
    0x0C78, 0x0C98, 0x0C98, 0x0C98, 0x0C98, 0x0C98, 0x0C98, 0x0C98, 0x0C98, 0x0C98, 0x0C98, 0x0C98,
    0x0C98, 0x0C78, 0x0C78, 0x0C78, 0x0C78, 0x0C78, 0x0C78, 0x0C78, 0x0C78, 0x0C78, 0x1498, 0x1477,
    0x1477, 0x9E7C, 0xF7DF, 0xFFFF, 0xFFFF, 0xFFFF, 0xFFFF, 0xFFFF, 0xFFFF, 0xFFFF, 0xFFFF, 0xFFFF,
    0xFFFF, 0xFFFF, 0xFFFF, 0xFFFF, 0xFFFF, 0xFFFF, 0xFFFF, 0xFFFF, 0xFFFF, 0xF7FF, 0xCF5E, 0xC73E,
    0xBF1D, 0xA6DC, 0x4579, 0x14D8, 0x1D19, 0x1D19, 0x14F9, 0x14F9, 0x1519, 0x14F8, 0x14F8, 0x1519,
    0x1519, 0x1519, 0x1519, 0x1519, 0x1519, 0x1519, 0x1519, 0x1539, 0x1519, 0x1519, 0x1519, 0x1D19,
    0x1D39, 0x1D39, 0x1519, 0x1D39, 0x1539, 0x1539, 0x1519, 0x1519, 0x1D39, 0x2DDB, 0x2DFB, 0x2DFB,
    0x2DFB, 0x2DFB, 0x2DDB, 0x2DDB, 0x2DDB, 0x2DFB, 0x2DDB, 0x2DDB, 0x2DDB, 0x2DDB, 0x2DDB, 0x2DFB,
    0x2DDB, 0x2DFB, 0x2DDB, 0x2DDB, 0x2DFB, 0x2DDB, 0x2DDB, 0x2DDB, 0x2DDB, 0x2DDB, 0x2DDB, 0x2DDB,
    0x2DDB, 0x2DDB, 0x2DDB, 0x2DDB, 0x2DDB, 0x2DDB, 0x2DBB, 0x357A, 0xE79F, 0xFFFF, 0xFFFF, 0xFFFF,
    0xFFFF, 0xFFFF, 0xFFFF, 0xFFFF, 0xFFFF, 0xFFFF, 0xFFFF, 0xFFFF, 0xFFFF, 0xFFFF, 0xFFFF, 0xFFFF,
    0xFFFF, 0xFFFF, 0xFFFF, 0xFFFF, 0xFFFF, 0xFFFF, 0xFFFF, 0xFFFF, 0xFFFF, 0xFFFF, 0xFFFF, 0xFFFF,
    0xFFFF, 0xFFFF, 0xFFFF, 0xFFFF, 0xFFFF, 0xFFFF, 0xFFFF, 0xFFFF, 0xFFFF, 0xFFFF, 0xFFFF, 0xFFFF,
    0xFFFF, 0xFFFF, 0xFFFF, 0xFFFF, 0xFFFF, 0xFFFF, 0xFFFF, 0xFFFF, 0xFFFF, 0xFFFF, 0xFFFF, 0xC73E,
    0x5E1C, 0x35DD, 0x2DDD, 0x2DBD, 0x2DBD, 0x35DD, 0x2DBD, 0x1D1A, 0x0C98, 0x0478, 0x0C98, 0x0C98,
    0x0C98, 0x0C98, 0x0C98, 0x0C98, 0x0C98, 0x0C98, 0x0C98, 0x0C98, 0x0C98, 0x0C98, 0x0C98, 0x0C98,
    0x0C78, 0x0C78, 0x0C78, 0x0C98, 0x0C78, 0x0C78, 0x0C78, 0x0C98, 0x0C78, 0x0C78, 0x0C57, 0x24D8,
    0xB6DD, 0xF7DF, 0xFFFF, 0xFFFF, 0xFFFF, 0xFFFF, 0xFFFF, 0xFFFF, 0xFFFF, 0xFFFF, 0xFFFF, 0xFFFF,
    0xFFFF, 0xFFFF, 0xFFFF, 0xFFFF, 0xFFFF, 0xFFFF, 0xFFFF, 0xFFFF, 0xFFFF, 0xFFFF, 0xFFFF, 0xFFFF,
    0xFFFF, 0xFFFF, 0xFFFF, 0xFFFF, 0xEFBF, 0xAEDD, 0x2D18, 0x14F9, 0x14F9, 0x14F9, 0x1519, 0x1519,
    0x14F9, 0x14F8, 0x14F9, 0x1519, 0x1519, 0x1519, 0x1519, 0x1519, 0x1519, 0x1519, 0x1519, 0x1519,
    0x1D19, 0x1519, 0x1539, 0x1519, 0x1539, 0x1539, 0x1539, 0x1519, 0x1519, 0x1519, 0x14F9, 0x1D39,
    0x2DDB, 0x35FB, 0x2DDB, 0x2DDB, 0x2DDB, 0x2DDB, 0x2DFB, 0x2DFB, 0x2DDB, 0x2DDB, 0x2DDB, 0x2DFB,
    0x2DDB, 0x2DDB, 0x2DFB, 0x2DDB, 0x2DDB, 0x2DDB, 0x2DDB, 0x2DDB, 0x2DDB, 0x2DDB, 0x2DFB, 0x2DDB,
    0x2DDB, 0x2DDB, 0x2DDB, 0x2DDB, 0x2DFB, 0x2DFB, 0x257A, 0x3579, 0xE79E, 0xFFFF, 0xFFFF, 0xFFFF,
    0xFFFF, 0xFFFF, 0xFFFF, 0xFFFF, 0xFFFF, 0xFFFF, 0xFFFF, 0xFFFF, 0xFFFF, 0xFFFF, 0xFFFF, 0xFFFF,
    0xFFFF, 0xFFFF, 0xFFFF, 0xFFFF, 0xFFFF, 0xFFFF, 0xFFFF, 0xFFFF, 0xFFFF, 0xFFFF, 0xFFFF, 0xFFFF,
    0xFFFF, 0xFFFF, 0xFFFF, 0xFFFF, 0xFFFF, 0xFFFF, 0xFFFF, 0xFFFF, 0xFFFF, 0xFFFF, 0xFFFF, 0xFFFF,
    0xFFFF, 0xFFFF, 0xFFFF, 0xFFFF, 0xFFFF, 0xFFFF, 0xFFFF, 0xFFFF, 0xB71D, 0x7E9D, 0x4E3D, 0x2DDD,
    0x25BD, 0x2D9C, 0x257C, 0x255B, 0x255A, 0x1CF9, 0x1498, 0x0C78, 0x0C98, 0x0C98, 0x0C98, 0x0C98,
    0x0C98, 0x0C98, 0x0C98, 0x0C98, 0x0C98, 0x0C98, 0x0C98, 0x0C98, 0x0C98, 0x0C78, 0x0C78, 0x0C78,
    0x0C98, 0x0C78, 0x0C98, 0x0C78, 0x0C78, 0x0C78, 0x0C78, 0x0C78, 0x0C78, 0x0437, 0x4D39, 0xC73E,
    0xFFFF, 0xFFFF, 0xFFFF, 0xFFFF, 0xFFFF, 0xFFFF, 0xFFFF, 0xFFFF, 0xFFFF, 0xFFFF, 0xFFFF, 0xFFFF,
    0xFFFF, 0xFFFF, 0xFFFF, 0xFFFF, 0xFFFF, 0xFFFF, 0xFFFF, 0xFFFF, 0xFFFF, 0xFFFF, 0xFFFF, 0xFFFF,
    0xFFFF, 0xFFFF, 0xFFFF, 0xFFFF, 0xFFFF, 0xFFFF, 0xFFFF, 0xFFFF, 0xAEDD, 0x1CF8, 0x1519, 0x1519,
    0x1519, 0x1519, 0x1519, 0x1519, 0x1519, 0x1519, 0x1519, 0x1519, 0x1519, 0x1519, 0x1539, 0x1519,
    0x1519, 0x1519, 0x1D19, 0x1519, 0x1519, 0x1519, 0x1539, 0x1539, 0x1539, 0x1519, 0x1539, 0x1519,
    0x1519, 0x1519, 0x1D39, 0x2DDB, 0x2DFB, 0x2DDB, 0x2DDB, 0x2DFB, 0x2DFB, 0x2DDB, 0x2DDB, 0x2DDB,
    0x2DFB, 0x2DFB, 0x2DFB, 0x2DFB, 0x2DFB, 0x2DDB, 0x2DFB, 0x2DDB, 0x2DDB, 0x2DDB, 0x2DDB, 0x2DDB,
    0x2DFB, 0x2DDB, 0x2DFB, 0x35FB, 0x2DFC, 0x257A, 0x1519, 0x4D9A, 0xEFBF, 0xFFFF, 0xFFFF, 0xFFFF,
    0xFFFF, 0xFFFF, 0xFFFF, 0xFFFF, 0xFFFF, 0xFFFF, 0xFFFF, 0xFFFF, 0xFFFF, 0xFFFF, 0xFFFF, 0xFFFF,
    0xFFFF, 0xFFFF, 0xFFFF, 0xFFFF, 0xFFFF, 0xFFFF, 0xFFFF, 0xFFFF, 0xFFFF, 0xFFFF, 0xFFFF, 0xFFFF,
    0xFFFF, 0xFFFF, 0xFFFF, 0xFFFF, 0xFFFF, 0xFFFF, 0xFFFF, 0xFFFF, 0xFFFF, 0xFFFF, 0xFFFF, 0xFFFF,
    0xFFFF, 0xFFFF, 0xFFFF, 0xFFFF, 0xFFFF, 0xFFFF, 0xFFFF, 0xFFFF, 0xD77E, 0x8E7C, 0x2539, 0x1D19,
    0x1D1A, 0x1CD9, 0x1CD8, 0x14B8, 0x14B8, 0x0C98, 0x0CB8, 0x0CB8, 0x14D9, 0x0CB8, 0x14B9, 0x0CB9,
    0x0CB9, 0x0C98, 0x0C98, 0x0C98, 0x14B8, 0x0CB8, 0x0CB8, 0x14B8, 0x0CB8, 0x0C98, 0x0C98, 0x0C98,
    0x0C98, 0x0C98, 0x1498, 0x1498, 0x1498, 0x14B9, 0x1498, 0x0C36, 0x2CB7, 0xA69C, 0xE79E, 0xFFFF,
    0xFFFF, 0xFFFF, 0xFFFF, 0xFFFF, 0xFFFF, 0xFFFF, 0xFFFF, 0xFFFF, 0xFFFF, 0xFFFF, 0xFFFF, 0xFFFF,
    0xFFFF, 0xFFFF, 0xFFFF, 0xFFFF, 0xFFFF, 0xFFFF, 0xFFFF, 0xFFFF, 0xFFFF, 0xFFFF, 0xFFFF, 0xFFFF,
    0xFFFF, 0xFFFF, 0xFFFF, 0xFFFF, 0xFFFF, 0xFFFF, 0xFFFF, 0xFFFF, 0xFFFF, 0xFFFF, 0xF7FF, 0x9E9C,
    0x1CF8, 0x1CF9, 0x1D18, 0x1D19, 0x1D19, 0x1519, 0x1519, 0x1519, 0x1519, 0x1519, 0x1519, 0x1519,
    0x1519, 0x1519, 0x1D19, 0x1D19, 0x1519, 0x1519, 0x1519, 0x1519, 0x1519, 0x1519, 0x1539, 0x1519,
    0x1519, 0x1519, 0x1539, 0x1519, 0x1519, 0x1519, 0x1D7A, 0x2DDB, 0x361C, 0x2DFB, 0x2DFB, 0x2DDB,
    0x2DFB, 0x2DFB, 0x2DFB, 0x2DFB, 0x2DFB, 0x2DDB, 0x2DFB, 0x2DDB, 0x2DDB, 0x2DDB, 0x2DFB, 0x2DFB,
    0x2DFB, 0x3E1C, 0x361B, 0x257A, 0x1D39, 0x1D39, 0x1D39, 0x55DA, 0xEFDF, 0xFFFF, 0xFFFF, 0xFFFF,
    0xFFFF, 0xFFFF, 0xFFFF, 0xFFFF, 0xFFFF, 0xFFFF, 0xFFFF, 0xFFFF, 0xFFFF, 0xFFFF, 0xFFFF, 0xFFFF,
    0xFFFF, 0xFFFF, 0xFFFF, 0xFFFF, 0xFFFF, 0xFFFF, 0xFFFF, 0xFFFF, 0xFFFF, 0xFFFF, 0xFFFF, 0xFFFF,
    0xFFFF, 0xFFFF, 0xFFFF, 0xFFFF, 0xFFFF, 0xFFFF, 0xFFFF, 0xFFFF, 0xFFFF, 0xFFFF, 0xFFFF, 0xFFFF,
    0xFFFF, 0xFFFF, 0xFFFF, 0xFFFF, 0xFFFF, 0xFFFF, 0xFFFF, 0xFFFF, 0xFFFF, 0xFFFF, 0xFFFF, 0xFFFF,
    0xD75E, 0x9E9C, 0x559A, 0x1498, 0x14B9, 0x14D9, 0x14D9, 0x14B8, 0x14D9, 0x14D9, 0x14D9, 0x14D9,
    0x14B9, 0x14D8, 0x14B8, 0x14B8, 0x14B8, 0x14B8, 0x14B8, 0x14B8, 0x14B8, 0x14B8, 0x1498, 0x0C98,
    0x0C98, 0x0C98, 0x1498, 0x1498, 0x0C77, 0x0C57, 0x4539, 0xA69C, 0xDF9E, 0xFFFF, 0xFFFF, 0xFFFF,
    0xFFFF, 0xFFFF, 0xFFFF, 0xFFFF, 0xFFFF, 0xFFFF, 0xFFFF, 0xFFFF, 0xFFFF, 0xFFFF, 0xFFFF, 0xFFFF,
    0xFFFF, 0xFFFF, 0xFFFF, 0xFFFF, 0xFFFF, 0xFFFF, 0xFFFF, 0xFFFF, 0xFFFF, 0xFFFF, 0xFFFF, 0xFFFF,
    0xFFFF, 0xFFFF, 0xFFFF, 0xFFFF, 0xFFFF, 0xFFFF, 0xFFFF, 0xFFFF, 0xFFFF, 0xFFFF, 0xFFFF, 0xFFFF,
    0xFFFF, 0xEFBF, 0x65FA, 0x1CD8, 0x1D19, 0x1D18, 0x14F9, 0x1518, 0x1518, 0x1518, 0x1519, 0x1519,
    0x1519, 0x1519, 0x1D19, 0x1D19, 0x1519, 0x1D19, 0x1519, 0x1519, 0x1519, 0x1519, 0x1519, 0x1519,
    0x1539, 0x1519, 0x1519, 0x1519, 0x1539, 0x1519, 0x1519, 0x1519, 0x1519, 0x1519, 0x1D39, 0x259A,
    0x2DDB, 0x361C, 0x361C, 0x361B, 0x35FB, 0x361B, 0x35FB, 0x35FB, 0x35FB, 0x35FB, 0x361C, 0x35FB,
    0x2DBB, 0x2559, 0x1CF8, 0x14D8, 0x1CF8, 0x1D19, 0x1D19, 0x761B, 0xFFFF, 0xFFFF, 0xFFFF, 0xFFFF,
    0xFFFF, 0xFFFF, 0xFFFF, 0xFFFF, 0xFFFF, 0xFFFF, 0xFFFF, 0xFFFF, 0xFFFF, 0xFFFF, 0xFFFF, 0xFFFF,
    0xFFFF, 0xFFFF, 0xFFFF, 0xFFFF, 0xFFFF, 0xFFFF, 0xFFFF, 0xFFFF, 0xFFFF, 0xFFFF, 0xFFFF, 0xFFFF,
    0xFFFF, 0xFFFF, 0xFFFF, 0xFFFF, 0xFFFF, 0xFFFF, 0xFFFF, 0xFFFF, 0xFFFF, 0xFFFF, 0xFFFF, 0xFFFF,
    0xFFFF, 0xFFFF, 0xFFFF, 0xFFFF, 0xFFFF, 0xFFFF, 0xFFFF, 0xFFFF, 0xFFFF, 0xFFFF, 0xFFFF, 0xFFFF,
    0xFFFF, 0xFFFF, 0xFFFF, 0xFFFF, 0xFFFF, 0xD77E, 0xB6FD, 0x863B, 0x3539, 0x14B8, 0x0C99, 0x0CB9,
    0x0CB9, 0x0CD9, 0x0CD9, 0x14B8, 0x0C98, 0x0CB9, 0x0C98, 0x14B8, 0x1498, 0x0C98, 0x0C98, 0x0C78,
    0x0458, 0x0C57, 0x1477, 0x4539, 0x967C, 0xC73D, 0xF7DF, 0xFFFF, 0xFFFF, 0xFFFF, 0xFFFF, 0xFFFF,
    0xFFFF, 0xFFFF, 0xFFFF, 0xFFFF, 0xFFFF, 0xFFFF, 0xFFFF, 0xFFFF, 0xFFFF, 0xFFFF, 0xFFFF, 0xFFFF,
    0xFFFF, 0xFFFF, 0xFFFF, 0xFFFF, 0xFFFF, 0xFFFF, 0xFFFF, 0xFFFF, 0xFFFF, 0xFFFF, 0xFFFF, 0xFFFF,
    0xFFFF, 0xFFFF, 0xFFFF, 0xFFFF, 0xFFFF, 0xFFFF, 0xFFFF, 0xFFFF, 0xFFFF, 0xFFFF, 0xFFFF, 0xFFFF,
    0xFFFF, 0xFFFF, 0xFFFF, 0xFFFF, 0xCF5E, 0x3519, 0x14F9, 0x1519, 0x1518, 0x1519, 0x14F9, 0x1519,
    0x1518, 0x1519, 0x1519, 0x1519, 0x1519, 0x1519, 0x1519, 0x1519, 0x1519, 0x1519, 0x1519, 0x1519,
    0x1519, 0x1519, 0x1519, 0x1519, 0x1519, 0x1519, 0x1519, 0x1519, 0x1519, 0x1519, 0x1519, 0x1519,
    0x14F8, 0x14F8, 0x14F8, 0x14F8, 0x14F8, 0x1D19, 0x1D39, 0x1D19, 0x1D19, 0x1D19, 0x1D19, 0x14F8,
    0x14F8, 0x14F8, 0x14F8, 0x14F9, 0x1D19, 0x1D19, 0x1D19, 0x96BC, 0xFFFF, 0xFFFF, 0xFFFF, 0xFFFF,
    0xFFFF, 0xFFFF, 0xFFFF, 0xFFFF, 0xFFFF, 0xFFFF, 0xFFFF, 0xFFFF, 0xFFFF, 0xFFFF, 0xFFFF, 0xFFFF,
    0xFFFF, 0xFFFF, 0xFFFF, 0xFFFF, 0xFFFF, 0xFFFF, 0xFFFF, 0xFFFF, 0xFFFF, 0xFFFF, 0xFFFF, 0xFFFF,
    0xFFFF, 0xFFFF, 0xFFFF, 0xFFFF, 0xFFFF, 0xFFFF, 0xFFFF, 0xFFFF, 0xFFFF, 0xFFFF, 0xFFFF, 0xFFFF,
    0xFFFF, 0xFFFF, 0xFFFF, 0xFFFF, 0xFFFF, 0xFFFF, 0xFFFF, 0xFFFF, 0xFFFF, 0xFFFF, 0xFFFF, 0xFFFF,
    0xFFFF, 0xFFFF, 0xFFFF, 0xFFFF, 0xFFFF, 0xFFFF, 0xFFFF, 0xFFFF, 0xFFFF, 0xFFFF, 0xFFFF, 0xE79E,
    0xD75E, 0xBF1D, 0xB6DD, 0xA69C, 0x967C, 0x863B, 0x7E1B, 0x863B, 0x8E5C, 0x967C, 0xA69C, 0xB6DD,
    0xBEFD, 0xD75E, 0xF7DF, 0xFFFF, 0xFFFF, 0xFFFF, 0xFFFF, 0xFFFF, 0xFFFF, 0xFFFF, 0xFFFF, 0xFFFF,
    0xFFFF, 0xFFFF, 0xFFFF, 0xFFFF, 0xFFFF, 0xFFFF, 0xFFFF, 0xFFFF, 0xFFFF, 0xFFFF, 0xFFFF, 0xFFFF,
    0xFFFF, 0xFFFF, 0xFFFF, 0xFFFF, 0xFFFF, 0xFFFF, 0xFFFF, 0xFFFF, 0xFFFF, 0xFFFF, 0xFFFF, 0xFFFF,
    0xFFFF, 0xFFFF, 0xFFFF, 0xFFFF, 0xFFFF, 0xFFFF, 0xFFFF, 0xFFFF, 0xFFFF, 0xFFFF, 0xFFFF, 0xFFFF,
    0xFFFF, 0xFFFF, 0xFFFF, 0xFFFF, 0xFFFF, 0xFFFF, 0xF7DF, 0x863B, 0x14F8, 0x14F9, 0x14F9, 0x14F8,
    0x14F9, 0x1519, 0x14F9, 0x1519, 0x1519, 0x1519, 0x1D19, 0x1519, 0x1519, 0x1519, 0x1519, 0x1519,
    0x1519, 0x1519, 0x1519, 0x1519, 0x1519, 0x1519, 0x1519, 0x1519, 0x1519, 0x1519, 0x1519, 0x1519,
    0x1519, 0x1519, 0x1519, 0x1519, 0x1519, 0x1519, 0x1519, 0x14F9, 0x14F9, 0x14F9, 0x14F9, 0x14F9,
    0x1519, 0x14F9, 0x14F9, 0x14F9, 0x1D19, 0x14F9, 0x2539, 0xCF5E, 0xFFFF, 0xFFFF, 0xFFFF, 0xFFFF,
    0xFFFF, 0xFFFF, 0xFFFF, 0xFFFF, 0xFFFF, 0xFFFF, 0xFFFF, 0xFFFF, 0xFFFF, 0xFFFF, 0xFFFF, 0xFFFF,
    0xFFFF, 0xFFFF, 0xFFFF, 0xFFFF, 0xFFFF, 0xFFFF, 0xFFFF, 0xFFFF, 0xFFFF, 0xFFFF, 0xFFFF, 0xFFFF,
    0xFFFF, 0xFFFF, 0xFFFF, 0xFFFF, 0xFFFF, 0xFFFF, 0xFFFF, 0xFFFF, 0xFFFF, 0xFFFF, 0xFFFF, 0xFFFF,
    0xFFFF, 0xFFFF, 0xFFFF, 0xFFFF, 0xFFFF, 0xFFFF, 0xFFFF, 0xFFFF, 0xFFFF, 0xFFFF, 0xFFFF, 0xFFFF,
    0xFFFF, 0xFFFF, 0xFFFF, 0xFFFF, 0xFFFF, 0xFFFF, 0xFFFF, 0xFFFF, 0xFFFF, 0xFFFF, 0xFFFF, 0xFFFF,
    0xFFFF, 0xFFFF, 0xFFFF, 0xFFFF, 0xFFFF, 0xFFFF, 0xFFFF, 0xFFFF, 0xFFFF, 0xFFFF, 0xFFFF, 0xFFFF,
    0xFFFF, 0xFFFF, 0xFFFF, 0xFFFF, 0xFFFF, 0xFFFF, 0xFFFF, 0xFFFF, 0xFFFF, 0xFFFF, 0xFFFF, 0xFFFF,
    0xFFFF, 0xFFFF, 0xFFFF, 0xFFFF, 0xFFFF, 0xFFFF, 0xFFFF, 0xFFFF, 0xFFFF, 0xFFFF, 0xFFFF, 0xFFFF,
    0xFFFF, 0xFFFF, 0xFFFF, 0xFFFF, 0xFFFF, 0xFFFF, 0xFFFF, 0xFFFF, 0xFFFF, 0xFFFF, 0xFFFF, 0xFFFF,
    0xFFFF, 0xFFFF, 0xFFFF, 0xFFFF, 0xFFFF, 0xFFFF, 0xFFFF, 0xFFFF, 0xFFFF, 0xFFFF, 0xFFFF, 0xFFFF,
    0xFFFF, 0xFFFF, 0xFFFF, 0xFFFF, 0xFFFF, 0xFFFF, 0xFFFF, 0xFFFF, 0xFFFF, 0xD77E, 0x4D79, 0x1CF8,
    0x1D19, 0x1519, 0x1518, 0x1519, 0x1519, 0x1519, 0x1519, 0x1D19, 0x1519, 0x1519, 0x1519, 0x1519,
    0x1519, 0x1519, 0x1519, 0x1519, 0x1519, 0x1519, 0x1519, 0x1519, 0x1519, 0x1519, 0x1519, 0x1519,
    0x1519, 0x1519, 0x1519, 0x1519, 0x1519, 0x14F9, 0x1519, 0x1D19, 0x1519, 0x1519, 0x14F9, 0x14F8,
    0x14F8, 0x1D19, 0x1518, 0x1D19, 0x1D19, 0x14D8, 0x65DA, 0xEFBF, 0xFFFF, 0xFFFF, 0xFFFF, 0xFFFF,
    0xFFFF, 0xFFFF, 0xFFFF, 0xFFFF, 0xFFFF, 0xFFFF, 0xFFFF, 0xFFFF, 0xFFFF, 0xFFFF, 0xFFFF, 0xFFFF,
    0xFFFF, 0xFFFF, 0xFFFF, 0xFFFF, 0xFFFF, 0xFFFF, 0xFFFF, 0xFFFF, 0xFFFF, 0xFFFF, 0xFFFF, 0xFFFF,
    0xFFFF, 0xFFFF, 0xFFFF, 0xFFFF, 0xFFFF, 0xFFFF, 0xFFFF, 0xFFFF, 0xFFFF, 0xFFFF, 0xFFFF, 0xFFFF,
    0xFFFF, 0xFFFF, 0xFFFF, 0xFFFF, 0xFFFF, 0xFFFF, 0xFFFF, 0xFFFF, 0xFFFF, 0xFFFF, 0xFFFF, 0xFFFF,
    0xFFFF, 0xFFFF, 0xFFFF, 0xFFFF, 0xFFFF, 0xFFFF, 0xFFFF, 0xFFFF, 0xFFFF, 0xFFFF, 0xFFFF, 0xFFFF,
    0xFFFF, 0xFFFF, 0xFFFF, 0xFFFF, 0xFFFF, 0xFFFF, 0xFFFF, 0xFFFF, 0xFFFF, 0xFFFF, 0xFFFF, 0xFFFF,
    0xFFFF, 0xFFFF, 0xFFFF, 0xFFFF, 0xFFFF, 0xFFFF, 0xFFFF, 0xFFFF, 0xFFFF, 0xFFFF, 0xFFFF, 0xFFFF,
    0xFFFF, 0xFFFF, 0xFFFF, 0xFFFF, 0xFFFF, 0xFFFF, 0xFFFF, 0xFFFF, 0xFFFF, 0xFFFF, 0xFFFF, 0xFFFF,
    0xFFFF, 0xFFFF, 0xFFFF, 0xFFFF, 0xFFFF, 0xFFFF, 0xFFFF, 0xFFFF, 0xFFFF, 0xFFFF, 0xFFFF, 0xFFFF,
    0xFFFF, 0xFFFF, 0xFFFF, 0xFFFF, 0xFFFF, 0xFFFF, 0xFFFF, 0xFFFF, 0xFFFF, 0xFFFF, 0xFFFF, 0xFFFF,
    0xFFFF, 0xFFFF, 0xFFFF, 0xFFFF, 0xFFFF, 0xFFFF, 0xFFFF, 0xFFFF, 0xFFFF, 0xFFFF, 0xFFFF, 0xFFFF,
    0x9EBC, 0x2518, 0x1519, 0x1D19, 0x1519, 0x1519, 0x1D19, 0x1D19, 0x1D18, 0x1D18, 0x1519, 0x1519,
    0x1519, 0x1519, 0x1519, 0x1519, 0x1519, 0x1519, 0x1518, 0x1519, 0x1519, 0x1519, 0x14F9, 0x14F9,
    0x1519, 0x1518, 0x1519, 0x1519, 0x1519, 0x1519, 0x14F9, 0x1519, 0x1518, 0x1518, 0x14F9, 0x1519,
    0x1519, 0x14F9, 0x1D19, 0x1D19, 0x1D19, 0x24F8, 0xBF1D, 0xFFFF, 0xFFFF, 0xFFFF, 0xFFFF, 0xFFFF,
    0xFFFF, 0xFFFF, 0xFFFF, 0xFFFF, 0xFFFF, 0xFFFF, 0xFFFF, 0xFFFF, 0xFFFF, 0xFFFF, 0xFFFF, 0xFFFF,
    0xFFFF, 0xFFFF, 0xFFFF, 0xFFFF, 0xFFFF, 0xFFFF, 0xFFFF, 0xFFFF, 0xFFFF, 0xFFFF, 0xFFFF, 0xFFFF,
    0xFFFF, 0xFFFF, 0xFFFF, 0xFFFF, 0xFFFF, 0xFFFF, 0xFFFF, 0xFFFF, 0xFFFF, 0xFFFF, 0xFFFF, 0xFFFF,
    0xFFFF, 0xFFFF, 0xFFFF, 0xFFFF, 0xFFFF, 0xFFFF, 0xFFFF, 0xFFFF, 0xFFFF, 0xFFFF, 0xFFFF, 0xFFFF,
    0xFFFF, 0xFFFF, 0xFFFF, 0xFFFF, 0xFFFF, 0xFFFF, 0xFFFF, 0xFFFF, 0xFFFF, 0xFFFF, 0xFFFF, 0xFFFF,
    0xFFFF, 0xFFFF, 0xFFFF, 0xFFFF, 0xFFFF, 0xFFFF, 0xFFFF, 0xFFFF, 0xFFFF, 0xFFFF, 0xFFFF, 0xFFFF,
    0xFFFF, 0xFFFF, 0xFFFF, 0xFFFF, 0xFFFF, 0xFFFF, 0xFFFF, 0xFFFF, 0xFFFF, 0xFFFF, 0xFFFF, 0xFFFF,
    0xFFFF, 0xFFFF, 0xFFFF, 0xFFFF, 0xFFFF, 0xFFFF, 0xFFFF, 0xFFFF, 0xFFFF, 0xFFFF, 0xFFFF, 0xFFFF,
    0xFFFF, 0xFFFF, 0xFFFF, 0xFFFF, 0xFFFF, 0xFFFF, 0xFFFF, 0xFFFF, 0xFFFF, 0xFFFF, 0xFFFF, 0xFFFF,
    0xFFFF, 0xFFFF, 0xFFFF, 0xFFFF, 0xFFFF, 0xFFFF, 0xFFFF, 0xFFFF, 0xFFFF, 0xFFFF, 0xFFFF, 0xFFFF,
    0xFFFF, 0xFFFF, 0xFFFF, 0xFFFF, 0xFFFF, 0xFFFF, 0xFFFF, 0xFFFF, 0xFFFF, 0xFFFF, 0xFFFF, 0xFFFF,
    0xFFFF, 0xFFFF, 0xE79E, 0x6E1B, 0x14F8, 0x1D19, 0x1519, 0x1519, 0x1D18, 0x1D19, 0x1519, 0x1518,
    0x1518, 0x1519, 0x1518, 0x1519, 0x1518, 0x1519, 0x1519, 0x1519, 0x1518, 0x1518, 0x1519, 0x1518,
    0x14F8, 0x14F8, 0x14F8, 0x14F9, 0x14F9, 0x1519, 0x1519, 0x1519, 0x14F8, 0x14F9, 0x1519, 0x1519,
    0x1519, 0x14F9, 0x1519, 0x1D39, 0x14D8, 0x75FB, 0xEFDF, 0xFFFF, 0xFFFF, 0xFFFF, 0xFFFF, 0xFFFF,
    0xFFFF, 0xFFFF, 0xFFFF, 0xFFFF, 0xFFFF, 0xFFFF, 0xFFFF, 0xFFFF, 0xFFFF, 0xFFFF, 0xFFFF, 0xFFFF,
    0xFFFF, 0xFFFF, 0xFFFF, 0xFFFF, 0xFFFF, 0xFFFF, 0xFFFF, 0xFFFF, 0xFFFF, 0xFFFF, 0xFFFF, 0xFFFF,
    0xFFFF, 0xFFFF, 0xFFFF, 0xFFFF, 0xFFFF, 0xFFFF, 0xFFFF, 0xFFFF, 0xFFFF, 0xFFFF, 0xFFFF, 0xFFFF,
    0xFFFF, 0xFFFF, 0xFFFF, 0xFFFF, 0xFFFF, 0xFFFF, 0xFFFF, 0xFFFF, 0xFFFF, 0xFFFF, 0xFFFF, 0xFFFF,
    0xFFFF, 0xFFFF, 0xFFFF, 0xFFFF, 0xFFFF, 0xFFFF, 0xFFFF, 0xFFFF, 0xFFFF, 0xFFFF, 0xFFFF, 0xFFFF,
    0xFFFF, 0xFFFF, 0xFFFF, 0xFFFF, 0xFFFF, 0xFFFF, 0xFFFF, 0xFFFF, 0xFFFF, 0xFFFF, 0xFFFF, 0xFFFF,
    0xFFFF, 0xFFFF, 0xFFFF, 0xFFFF, 0xFFFF, 0xFFFF, 0xFFFF, 0xFFFF, 0xFFFF, 0xFFFF, 0xFFFF, 0xFFFF,
    0xFFFF, 0xFFFF, 0xFFFF, 0xFFFF, 0xFFFF, 0xFFFF, 0xFFFF, 0xFFFF, 0xFFFF, 0xFFFF, 0xFFFF, 0xFFFF,
    0xFFFF, 0xFFFF, 0xFFFF, 0xFFFF, 0xFFFF, 0xFFFF, 0xFFFF, 0xFFFF, 0xFFFF, 0xFFFF, 0xFFFF, 0xFFFF,
    0xFFFF, 0xFFFF, 0xFFFF, 0xFFFF, 0xFFFF, 0xFFFF, 0xFFFF, 0xFFFF, 0xFFFF, 0xFFFF, 0xFFFF, 0xFFFF,
    0xFFFF, 0xFFFF, 0xFFFF, 0xFFFF, 0xFFFF, 0xFFFF, 0xFFFF, 0xFFFF, 0xFFFF, 0xFFFF, 0xFFFF, 0xFFFF,
    0xFFFF, 0xFFFF, 0xFFFF, 0xFFFF, 0xFFFF, 0xD77E, 0x55BA, 0x14F8, 0x1D19, 0x1D19, 0x1519, 0x1519,
    0x1519, 0x14F8, 0x1519, 0x1519, 0x1519, 0x1519, 0x1519, 0x1519, 0x1519, 0x1518, 0x1519, 0x1518,
    0x14F8, 0x14F8, 0x1518, 0x1518, 0x14F9, 0x14F9, 0x14F9, 0x1519, 0x1519, 0x1519, 0x1519, 0x14F9,
    0x14F9, 0x1519, 0x14F9, 0x14B8, 0x4D9A, 0xD75E, 0xFFFF, 0xFFFF, 0xFFFF, 0xFFFF, 0xFFFF, 0xFFFF,
    0xFFFF, 0xFFFF, 0xFFFF, 0xFFFF, 0xFFFF, 0xFFFF, 0xFFFF, 0xFFFF, 0xFFFF, 0xFFFF, 0xFFFF, 0xFFFF,
    0xFFFF, 0xFFFF, 0xFFFF, 0xFFFF, 0xFFFF, 0xFFFF, 0xFFFF, 0xFFFF, 0xFFFF, 0xFFFF, 0xFFFF, 0xFFFF,
    0xFFFF, 0xFFFF, 0xFFFF, 0xFFFF, 0xFFFF, 0xFFFF, 0xFFFF, 0xFFFF, 0xFFFF, 0xFFFF, 0xFFFF, 0xFFFF,
    0xFFFF, 0xFFFF, 0xFFFF, 0xFFFF, 0xFFFF, 0xFFFF, 0xFFFF, 0xFFFF, 0xFFFF, 0xFFFF, 0xFFFF, 0xFFFF,
    0xFFFF, 0xFFFF, 0xFFFF, 0xFFFF, 0xFFFF, 0xFFFF, 0xFFFF, 0xFFFF, 0xFFFF, 0xFFFF, 0xFFFF, 0xFFFF,
    0xFFFF, 0xFFFF, 0xFFFF, 0xFFFF, 0xFFFF, 0xFFFF, 0xFFFF, 0xFFFF, 0xFFFF, 0xFFFF, 0xFFFF, 0xFFFF,
    0xFFFF, 0xFFFF, 0xFFFF, 0xFFFF, 0xFFFF, 0xFFFF, 0xFFFF, 0xFFFF, 0xFFFF, 0xFFFF, 0xFFFF, 0xFFFF,
    0xFFFF, 0xFFFF, 0xFFFF, 0xFFFF, 0xFFFF, 0xFFFF, 0xFFFF, 0xFFFF, 0xFFFF, 0xFFFF, 0xFFFF, 0xFFFF,
    0xFFFF, 0xFFFF, 0xFFFF, 0xFFFF, 0xFFFF, 0xFFFF, 0xFFFF, 0xFFFF, 0xFFFF, 0xFFFF, 0xFFFF, 0xFFFF,
    0xFFFF, 0xFFFF, 0xFFFF, 0xFFFF, 0xFFFF, 0xFFFF, 0xFFFF, 0xFFFF, 0xFFFF, 0xFFFF, 0xFFFF, 0xFFFF,
    0xFFFF, 0xFFFF, 0xFFFF, 0xFFFF, 0xFFFF, 0xFFFF, 0xFFFF, 0xFFFF, 0xFFFF, 0xFFFF, 0xFFFF, 0xFFFF,
    0xFFFF, 0xFFFF, 0xFFFF, 0xFFFF, 0xFFFF, 0xFFFF, 0xFFFF, 0xFFFF, 0xD77E, 0x6E1B, 0x1CF8, 0x1D19,
    0x1D39, 0x1D19, 0x1519, 0x1519, 0x1D19, 0x1519, 0x1518, 0x1519, 0x1D19, 0x1519, 0x1519, 0x14F9,
    0x1519, 0x1519, 0x1519, 0x1D19, 0x1519, 0x1518, 0x1518, 0x1519, 0x1519, 0x1D19, 0x1D19, 0x1D19,
    0x1D19, 0x14F8, 0x14D8, 0x6DFA, 0xD77E, 0xFFFF, 0xFFFF, 0xFFFF, 0xFFFF, 0xFFFF, 0xFFFF, 0xFFFF,
    0xFFFF, 0xFFFF, 0xFFFF, 0xFFFF, 0xFFFF, 0xFFFF, 0xFFFF, 0xFFFF, 0xFFFF, 0xFFFF, 0xFFFF, 0xFFFF,
    0xFFFF, 0xFFFF, 0xFFFF, 0xFFFF, 0xFFFF, 0xFFFF, 0xFFFF, 0xFFFF, 0xFFFF, 0xFFFF, 0xFFFF, 0xFFFF,
    0xFFFF, 0xFFFF, 0xFFFF, 0xFFFF, 0xFFFF, 0xFFFF, 0xFFFF, 0xFFFF, 0xFFFF, 0xFFFF, 0xFFFF, 0xFFFF,
    0xFFFF, 0xFFFF, 0xFFFF, 0xFFFF, 0xFFFF, 0xFFFF, 0xFFFF, 0xFFFF, 0xFFFF, 0xFFFF, 0xFFFF, 0xFFFF,
    0xFFFF, 0xFFFF, 0xFFFF, 0xFFFF, 0xFFFF, 0xFFFF, 0xFFFF, 0xFFFF, 0xFFFF, 0xFFFF, 0xFFFF, 0xFFFF,
    0xFFFF, 0xFFFF, 0xFFFF, 0xFFFF, 0xFFFF, 0xFFFF, 0xFFFF, 0xFFFF, 0xFFFF, 0xFFFF, 0xFFFF, 0xFFFF,
    0xFFFF, 0xFFFF, 0xFFFF, 0xFFFF, 0xFFFF, 0xFFFF, 0xFFFF, 0xFFFF, 0xFFFF, 0xFFFF, 0xFFFF, 0xFFFF,
    0xFFFF, 0xFFFF, 0xFFFF, 0xFFFF, 0xFFFF, 0xFFFF, 0xFFFF, 0xFFFF, 0xFFFF, 0xFFFF, 0xFFFF, 0xFFFF,
    0xFFFF, 0xFFFF, 0xFFFF, 0xFFFF, 0xFFFF, 0xFFFF, 0xFFFF, 0xFFFF, 0xFFFF, 0xFFFF, 0xFFFF, 0xFFFF,
    0xFFFF, 0xFFFF, 0xFFFF, 0xFFFF, 0xFFFF, 0xFFFF, 0xFFFF, 0xFFFF, 0xFFFF, 0xFFFF, 0xFFFF, 0xFFFF,
    0xFFFF, 0xFFFF, 0xFFFF, 0xFFFF, 0xFFFF, 0xFFFF, 0xFFFF, 0xFFFF, 0xFFFF, 0xFFFF, 0xFFFF, 0xFFFF,
    0xFFFF, 0xFFFF, 0xFFFF, 0xFFFF, 0xFFFF, 0xFFFF, 0xFFFF, 0xFFFF, 0xFFFF, 0xFFFF, 0xFFFF, 0xEFBF,
    0x969C, 0x3538, 0x14F8, 0x1D19, 0x1D19, 0x1D19, 0x1D19, 0x1D19, 0x1D19, 0x1D19, 0x1519, 0x1D19,
    0x1519, 0x1D19, 0x1D19, 0x1D19, 0x1D19, 0x1D19, 0x1D19, 0x1D19, 0x1D19, 0x1D19, 0x1D19, 0x1D19,
    0x14D8, 0x24F8, 0x9E9C, 0xEFBF, 0xFFFF, 0xFFFF, 0xFFFF, 0xFFFF, 0xFFFF, 0xFFFF, 0xFFFF, 0xFFFF,
    0xFFFF, 0xFFFF, 0xFFFF, 0xFFFF, 0xFFFF, 0xFFFF, 0xFFFF, 0xFFFF, 0xFFFF, 0xFFFF, 0xFFFF, 0xFFFF,
    0xFFFF, 0xFFFF, 0xFFFF, 0xFFFF, 0xFFFF, 0xFFFF, 0xFFFF, 0xFFFF, 0xFFFF, 0xFFFF, 0xFFFF, 0xFFFF,
    0xFFFF, 0xFFFF, 0xFFFF, 0xFFFF, 0xFFFF, 0xFFFF, 0xFFFF, 0xFFFF, 0xFFFF, 0xFFFF, 0xFFFF, 0xFFFF,
    0xFFFF, 0xFFFF, 0xFFFF, 0xFFFF, 0xFFFF, 0xFFFF, 0xFFFF, 0xFFFF, 0xFFFF, 0xFFFF, 0xFFFF, 0xFFFF,
    0xFFFF, 0xFFFF, 0xFFFF, 0xFFFF, 0xFFFF, 0xFFFF, 0xFFFF, 0xFFFF, 0xFFFF, 0xFFFF, 0xFFFF, 0xFFFF,
    0xFFFF, 0xFFFF, 0xFFFF, 0xFFFF, 0xFFFF, 0xFFFF, 0xFFFF, 0xFFFF, 0xFFFF, 0xFFFF, 0xFFFF, 0xFFFF,
    0xFFFF, 0xFFFF, 0xFFFF, 0xFFFF, 0xFFFF, 0xFFFF, 0xFFFF, 0xFFFF, 0xFFFF, 0xFFFF, 0xFFFF, 0xFFFF,
    0xFFFF, 0xFFFF, 0xFFFF, 0xFFFF, 0xFFFF, 0xFFFF, 0xFFFF, 0xFFFF, 0xFFFF, 0xFFFF, 0xFFFF, 0xFFFF,
    0xFFFF, 0xFFFF, 0xFFFF, 0xFFFF, 0xFFFF, 0xFFFF, 0xFFFF, 0xFFFF, 0xFFFF, 0xFFFF, 0xFFFF, 0xFFFF,
    0xFFFF, 0xFFFF, 0xFFFF, 0xFFFF, 0xFFFF, 0xFFFF, 0xFFFF, 0xFFFF, 0xFFFF, 0xFFFF, 0xFFFF, 0xFFFF,
    0xFFFF, 0xFFFF, 0xFFFF, 0xFFFF, 0xFFFF, 0xFFFF, 0xFFFF, 0xFFFF, 0xFFFF, 0xFFFF, 0xFFFF, 0xFFFF,
    0xFFFF, 0xFFFF, 0xFFFF, 0xFFFF, 0xFFFF, 0xFFFF, 0xFFFF, 0xFFFF, 0xFFFF, 0xFFFF, 0xFFFF, 0xFFFF,
    0xFFFF, 0xFFFF, 0xFFFF, 0xD77E, 0x969C, 0x3D59, 0x14D8, 0x14F9, 0x1D19, 0x1D19, 0x1D19, 0x1D19,
    0x1D19, 0x1D19, 0x1519, 0x1D19, 0x1D19, 0x1D19, 0x1D19, 0x1D19, 0x1D19, 0x14D8, 0x0CB8, 0x3539,
    0x8E7B, 0xCF5D, 0xFFFF, 0xFFFF, 0xFFFF, 0xFFFF, 0xFFFF, 0xFFFF, 0xFFFF, 0xFFFF, 0xFFFF, 0xFFFF,
    0xFFFF, 0xFFFF, 0xFFFF, 0xFFFF, 0xFFFF, 0xFFFF, 0xFFFF, 0xFFFF, 0xFFFF, 0xFFFF, 0xFFFF, 0xFFFF,
    0xFFFF, 0xFFFF, 0xFFFF, 0xFFFF, 0xFFFF, 0xFFFF, 0xFFFF, 0xFFFF, 0xFFFF, 0xFFFF, 0xFFFF, 0xFFFF,
    0xFFFF, 0xFFFF, 0xFFFF, 0xFFFF, 0xFFFF, 0xFFFF, 0xFFFF, 0xFFFF, 0xFFFF, 0xFFFF, 0xFFFF, 0xFFFF,
    0xFFFF, 0xFFFF, 0xFFFF, 0xFFFF, 0xFFFF, 0xFFFF, 0xFFFF, 0xFFFF, 0xFFFF, 0xFFFF, 0xFFFF, 0xFFFF,
    0xFFFF, 0xFFFF, 0xFFFF, 0xFFFF, 0xFFFF, 0xFFFF, 0xFFFF, 0xFFFF, 0xFFFF, 0xFFFF, 0xFFFF, 0xFFFF,
    0xFFFF, 0xFFFF, 0xFFFF, 0xFFFF, 0xFFFF, 0xFFFF, 0xFFFF, 0xFFFF, 0xFFFF, 0xFFFF, 0xFFFF, 0xFFFF,
    0xFFFF, 0xFFFF, 0xFFFF, 0xFFFF, 0xFFFF, 0xFFFF, 0xFFFF, 0xFFFF, 0xFFFF, 0xFFFF, 0xFFFF, 0xFFFF,
    0xFFFF, 0xFFFF, 0xFFFF, 0xFFFF, 0xFFFF, 0xFFFF, 0xFFFF, 0xFFFF, 0xFFFF, 0xFFFF, 0xFFFF, 0xFFFF,
    0xFFFF, 0xFFFF, 0xFFFF, 0xFFFF, 0xFFFF, 0xFFFF, 0xFFFF, 0xFFFF, 0xFFFF, 0xFFFF, 0xFFFF, 0xFFFF,
    0xFFFF, 0xFFFF, 0xFFFF, 0xFFFF, 0xFFFF, 0xFFFF, 0xFFFF, 0xFFFF, 0xFFFF, 0xFFFF, 0xFFFF, 0xFFFF,
    0xFFFF, 0xFFFF, 0xFFFF, 0xFFFF, 0xFFFF, 0xFFFF, 0xFFFF, 0xFFFF, 0xFFFF, 0xFFFF, 0xFFFF, 0xFFFF,
    0xFFFF, 0xFFFF, 0xFFFF, 0xFFFF, 0xFFFF, 0xFFFF, 0xFFFF, 0xFFFF, 0xFFFF, 0xFFFF, 0xFFFF, 0xFFFF,
    0xFFFF, 0xFFFF, 0xFFFF, 0xFFFF, 0xFFFF, 0xFFFF, 0xFFFF, 0xF7DF, 0xC73E, 0x9EBC, 0x6E1B, 0x3D79,
    0x2D39, 0x1CF8, 0x14F8, 0x14F8, 0x1CF8, 0x1CF8, 0x2D39, 0x55BA, 0x7E3B, 0x9E9C, 0xC73D, 0xF7DF,
    0xFFFF, 0xFFFF, 0xFFFF, 0xFFFF, 0xFFFF, 0xFFFF, 0xFFFF, 0xFFFF, 0xFFFF, 0xFFFF, 0xFFFF, 0xFFFF,
    0xFFFF, 0xFFFF, 0xFFFF, 0xFFFF, 0xFFFF, 0xFFFF, 0xFFFF, 0xFFFF, 0xFFFF, 0xFFFF, 0xFFFF, 0xFFFF,
    0xFFFF, 0xFFFF, 0xFFFF, 0xFFFF, 0xFFFF, 0xFFFF, 0xFFFF, 0xFFFF, 0xFFFF, 0xFFFF, 0xFFFF, 0xFFFF,
    0xFFFF, 0xFFFF, 0xFFFF, 0xFFFF, 0xFFFF, 0xFFFF, 0xFFFF, 0xFFFF, 0xFFFF, 0xFFFF, 0xFFFF, 0xFFFF,
    0xFFFF, 0xFFFF, 0xFFFF, 0xFFFF, 0xFFFF, 0xFFFF, 0xFFFF, 0xFFFF, 0xFFFF, 0xFFFF, 0xFFFF, 0xFFFF,
    0xFFFF, 0xFFFF, 0xFFFF, 0xFFFF, 0xFFFF, 0xFFFF, 0xFFFF, 0xFFFF, 0xFFFF, 0xFFFF, 0xFFFF, 0xFFFF,
    0xFFFF, 0xFFFF, 0xFFFF, 0xFFFF, 0xFFFF, 0xFFFF, 0xFFFF, 0xFFFF, 0xFFFF, 0xFFFF, 0xFFFF, 0xFFFF,
    0xFFFF, 0xFFFF, 0xFFFF, 0xFFFF, 0xFFFF, 0xFFFF, 0xFFFF, 0xFFFF, 0xFFFF, 0xFFFF, 0xFFFF, 0xFFFF,
    0xFFFF, 0xFFFF, 0xFFFF, 0xFFFF, 0xFFFF, 0xFFFF, 0xFFFF, 0xFFFF, 0xFFFF, 0xFFFF, 0xFFFF, 0xFFFF,
    0xFFFF, 0xFFFF, 0xFFFF, 0xFFFF, 0xFFFF, 0xFFFF, 0xFFFF, 0xFFFF, 0xFFFF, 0xFFFF, 0xFFFF, 0xFFFF,
    0xFFFF, 0xFFFF, 0xFFFF, 0xFFFF, 0xFFFF, 0xFFFF, 0xFFFF, 0xFFFF, 0xFFFF, 0xFFFF, 0xFFFF, 0xFFFF,
    0xFFFF, 0xFFFF, 0xFFFF, 0xFFFF, 0xFFFF, 0xFFFF, 0xFFFF, 0xFFFF, 0xFFFF, 0xFFFF, 0xFFFF, 0xFFFF,
    0xFFFF, 0xFFFF, 0xFFFF, 0xFFFF, 0xFFFF, 0xFFFF, 0xFFFF, 0xFFFF, 0xFFFF, 0xFFFF, 0xFFFF, 0xFFFF,
    0xFFFF, 0xFFFF, 0xFFFF, 0xFFFF, 0xFFFF, 0xFFFF, 0xFFFF, 0xFFFF, 0xFFFF, 0xFFFF, 0xFFFF, 0xFFFF,
    0xFFFF, 0xFFFF, 0xFFFF, 0xFFFF, 0xFFFF, 0xFFFF, 0xFFFF, 0xFFFF, 0xFFFF, 0xFFFF, 0xFFFF, 0xFFFF,
    0xFFFF, 0xFFFF, 0xFFFF, 0xFFFF, 0xFFFF, 0xFFFF, 0xFFFF, 0xFFFF, 0xFFFF, 0xFFFF, 0xFFFF, 0xFFFF,
    0xFFFF, 0xFFFF, 0xFFFF, 0xFFFF, 0xFFFF, 0xFFFF, 0xFFFF, 0xFFFF, 0xFFFF, 0xFFFF, 0xFFFF, 0xFFFF,
    0xFFFF, 0xFFFF, 0xFFFF, 0xFFFF, 0xFFFF, 0xFFFF, 0xFFFF, 0xFFFF, 0xFFFF, 0xFFFF, 0xFFFF, 0xFFFF,
    0xFFFF, 0xFFFF, 0xFFFF, 0xFFFF, 0xFFFF, 0xFFFF, 0xFFFF, 0xFFFF, 0xFFFF, 0xFFFF, 0xFFFF, 0xFFFF,
    0xFFFF, 0xFFFF, 0xFFFF, 0xFFFF, 0xFFFF, 0xFFFF, 0xFFFF, 0xFFFF, 0xFFFF, 0xFFFF, 0xFFFF, 0xFFFF,
    0xFFFF, 0xFFFF, 0xFFFF, 0xFFFF, 0xFFFF, 0xFFFF, 0xFFFF, 0xFFFF, 0xFFFF, 0xFFFF, 0xFFFF, 0xFFFF,
    0xFFFF, 0xFFFF, 0xFFFF, 0xFFFF, 0xFFFF, 0xFFFF, 0xFFFF, 0xFFFF, 0xFFFF, 0xFFFF, 0xFFFF, 0xFFFF,
    0xFFFF, 0xFFFF, 0xFFFF, 0xFFFF, 0xFFFF, 0xFFFF, 0xFFFF, 0xFFFF, 0xFFFF, 0xFFFF, 0xFFFF, 0xFFFF,
    0xFFFF, 0xFFFF, 0xFFFF, 0xFFFF, 0xFFFF, 0xFFFF, 0xFFFF, 0xFFFF, 0xFFFF, 0xFFFF, 0xFFFF, 0xFFFF,
    0xFFFF, 0xFFFF, 0xFFFF, 0xFFFF, 0xFFFF, 0xFFFF, 0xFFFF, 0xFFFF, 0xFFFF, 0xFFFF, 0xFFFF, 0xFFFF,
    0xFFFF, 0xFFFF, 0xFFFF, 0xFFFF, 0xFFFF, 0xFFFF, 0xFFFF, 0xFFFF, 0xFFFF, 0xFFFF, 0xFFFF, 0xFFFF,
    0xFFFF, 0xFFFF, 0xFFFF, 0xFFFF, 0xFFFF, 0xFFFF, 0xFFFF, 0xFFFF, 0xFFFF, 0xFFFF, 0xFFFF, 0xFFFF,
    0xFFFF, 0xFFFF, 0xFFFF, 0xFFFF, 0xFFFF, 0xFFFF, 0xFFFF, 0xFFFF, 0xFFFF, 0xFFFF, 0xFFFF, 0xFFFF,
    0xFFFF, 0xFFFF, 0xFFFF, 0xFFFF, 0xFFFF, 0xFFFF, 0xFFFF, 0xFFFF, 0xFFFF, 0xFFFF, 0xFFFF, 0xFFFF,
    0xFFFF, 0xFFFF, 0xFFFF, 0xFFFF, 0xFFFF, 0xFFFF, 0xFFFF, 0xFFFF, 0xFFFF, 0xFFFF, 0xFFFF, 0xFFFF,
    0xFFFF, 0xFFFF, 0xFFFF, 0xFFFF, 0xFFFF, 0xFFFF, 0xFFFF, 0xFFFF, 0xFFFF, 0xFFFF, 0xFFFF, 0xFFFF,
    0xFFFF, 0xFFFF, 0xFFFF, 0xFFFF, 0xFFFF, 0xFFFF, 0xFFFF, 0xFFFF, 0xFFFF, 0xFFFF, 0xFFFF, 0xFFFF,
    0xFFFF, 0xFFFF, 0xFFFF, 0xFFFF, 0xFFFF, 0xFFFF, 0xFFFF, 0xFFFF, 0xFFFF, 0xFFFF, 0xFFFF, 0xFFFF,
    0xFFFF, 0xFFFF, 0xFFFF, 0xFFFF, 0xFFFF, 0xFFFF, 0xFFFF, 0xFFFF, 0xFFFF, 0xFFFF, 0xFFFF, 0xFFFF,
    0xFFFF, 0xFFFF, 0xFFFF, 0xFFFF, 0xFFFF, 0xFFFF, 0xFFFF, 0xFFFF, 0xFFFF, 0xFFFF, 0xFFFF, 0xFFFF,
    0xFFFF, 0xFFFF, 0xFFFF, 0xFFFF, 0xFFFF, 0xFFFF, 0xFFFF, 0xFFFF, 0xFFFF, 0xFFFF, 0xFFFF, 0xFFFF,
    0xFFFF, 0xFFFF, 0xFFFF, 0xFFFF, 0xFFFF, 0xFFFF, 0xFFFF, 0xFFFF, 0xFFFF, 0xFFFF, 0xFFFF, 0xFFFF,
    0xFFFF, 0xFFFF, 0xFFFF, 0xFFFF, 0xFFFF, 0xFFFF, 0xFFFF, 0xFFFF, 0xFFFF, 0xFFFF, 0xFFFF, 0xFFFF,
    0xFFFF, 0xFFFF, 0xFFFF, 0xFFFF, 0xFFFF, 0xFFFF, 0xFFFF, 0xFFFF, 0xFFFF, 0xFFFF, 0xFFFF, 0xFFFF,
    0xFFFF, 0xFFFF, 0xFFFF, 0xFFFF, 0xFFFF, 0xFFFF, 0xFFFF, 0xFFFF, 0xFFFF, 0xFFFF, 0xFFFF, 0xFFFF,
    0xFFFF, 0xFFFF, 0xFFFF, 0xFFFF, 0xFFFF, 0xFFFF, 0xFFFF, 0xFFFF, 0xFFFF, 0xFFFF, 0xFFFF, 0xFFFF,
    0xFFFF, 0xFFFF, 0xFFFF, 0xFFFF, 0xFFFF, 0xFFFF, 0xFFFF, 0xFFFF, 0xFFFF, 0xFFFF, 0xFFFF, 0xFFFF,
    0xFFFF, 0xFFFF, 0xFFFF, 0xFFFF, 0xFFFF, 0xFFFF, 0xFFFF, 0xFFFF, 0xFFFF, 0xFFFF, 0xFFFF, 0xFFFF,
    0xFFFF, 0xFFFF, 0xFFFF, 0xFFFF, 0xFFFF, 0xFFFF, 0xFFFF, 0xFFFF, 0xFFFF, 0xFFFF, 0xFFFF, 0xFFFF,
    0xFFFF, 0xFFFF, 0xFFFF, 0xFFFF, 0xFFFF, 0xFFFF, 0xFFFF, 0xFFFF, 0xFFFF, 0xFFFF, 0xFFFF, 0xFFFF,
    0xFFFF, 0xFFFF, 0xFFFF, 0xFFFF, 0xFFFF, 0xFFFF, 0xFFFF, 0xFFFF, 0xFFFF, 0xFFFF, 0xFFFF, 0xFFFF,
    0xFFFF, 0xFFFF, 0xFFFF, 0xFFFF, 0xFFFF, 0xFFFF, 0xFFFF, 0xFFFF, 0xFFFF, 0xFFFF, 0xFFFF, 0xFFFF,
    0xFFFF, 0xFFFF, 0xFFFF, 0xFFFF, 0xFFFF, 0xFFFF, 0xFFFF, 0xFFFF, 0xFFFF, 0xFFFF, 0xFFFF, 0xFFFF,
    0xFFFF, 0xFFFF, 0xFFFF, 0xFFFF, 0xFFFF, 0xFFFF, 0xFFFF, 0xFFFF, 0xFFFF, 0xFFFF, 0xFFFF, 0xFFFF,
    0xFFFF, 0xFFFF, 0xFFFF, 0xFFFF, 0xFFFF, 0xFFFF, 0xFFFF, 0xFFFF, 0xFFFF, 0xFFFF, 0xFFFF, 0xFFFF,
    0xFFFF, 0xFFFF, 0xFFFF, 0xFFFF, 0xFFFF, 0xFFFF, 0xFFFF, 0xFFFF, 0xFFFF, 0xFFFF, 0xFFFF, 0xFFFF,
    0xFFFF, 0xFFFF, 0xFFFF, 0xFFFF, 0xFFFF, 0xFFFF, 0xFFFF, 0xFFFF, 0xFFFF, 0xFFFF, 0xFFFF, 0xFFFF,
    0xFFFF, 0xFFFF, 0xFFFF, 0xFFFF, 0xFFFF, 0xFFFF, 0xFFFF, 0xFFFF, 0xFFFF, 0xFFFF, 0xFFFF, 0xFFFF,
    0xFFFF, 0xFFFF, 0xFFFF, 0xFFFF, 0xFFFF, 0xFFFF, 0xFFFF, 0xFFFF, 0xFFFF, 0xFFFF, 0xFFFF, 0xFFFF,
    0xFFFF, 0xFFFF, 0xFFFF, 0xFFFF, 0xFFFF, 0xFFFF, 0xFFFF, 0xFFFF, 0xFFFF, 0xFFFF, 0xFFFF, 0xFFFF,
    0xFFFF, 0xFFFF, 0xFFFF, 0xFFFF, 0xFFFF, 0xFFFF, 0xFFFF, 0xFFFF, 0xFFFF, 0xFFFF, 0xFFFF, 0xFFFF,
    0xFFFF, 0xFFFF, 0xFFFF, 0xFFFF, 0xFFFF, 0xFFFF, 0xFFFF, 0xFFFF, 0xFFFF, 0xFFFF, 0xFFFF, 0xFFFF,
    0xFFFF, 0xFFFF, 0xFFFF, 0xFFFF, 0xFFFF, 0xFFFF, 0xFFFF, 0xFFFF, 0xFFFF, 0xFFFF, 0xFFFF, 0xFFFF,
    0xFFFF, 0xFFFF, 0xFFFF, 0xFFFF, 0xFFFF, 0xFFFF, 0xFFFF, 0xFFFF, 0xFFFF, 0xFFFF, 0xFFFF, 0xFFFF,
    0xFFFF, 0xFFFF, 0xFFFF, 0xFFFF, 0xFFFF, 0xFFFF, 0xFFFF, 0xFFFF, 0xFFFF, 0xFFFF, 0xFFFF, 0xFFFF,
    0xFFFF, 0xFFFF, 0xFFFF, 0xFFFF, 0xFFFF, 0xFFFF, 0xFFFF, 0xFFFF, 0xFFFF, 0xFFFF, 0xFFFF, 0xFFFF,
    0xFFFF, 0xFFFF, 0xFFFF, 0xFFFF, 0xFFFF, 0xFFFF, 0xFFFF, 0xFFFF, 0xFFFF, 0xFFFF, 0xFFFF, 0xFFFF,
    0xFFFF, 0xFFFF, 0xFFFF, 0xFFFF, 0xFFFF, 0xFFFF, 0xFFFF, 0xFFFF, 0xFFFF, 0xFFFF, 0xFFFF, 0xFFFF,
    0xFFFF, 0xFFFF, 0xFFFF, 0xFFFF, 0xFFFF, 0xFFFF, 0xFFFF, 0xFFFF, 0xFFFF, 0xFFFF, 0xFFFF, 0xFFFF,
    0xFFFF, 0xFFFF, 0xFFFF, 0xFFFF, 0xFFFF, 0xFFFF, 0xFFFF, 0xFFFF, 0xFFFF, 0xFFFF, 0xFFFF, 0xFFFF,
    0xFFFF, 0xFFFF, 0xFFFF, 0xFFFF, 0xFFFF, 0xFFFF, 0xFFFF, 0xFFFF, 0xFFFF, 0xFFFF, 0xFFFF, 0xFFFF,
    0xFFFF, 0xFFFF, 0xFFFF, 0xFFFF, 0xFFFF, 0xFFFF, 0xFFFF, 0xFFFF, 0xFFFF, 0xFFFF, 0xFFFF, 0xFFFF,
    0xFFFF, 0xFFFF, 0xFFFF, 0xFFFF, 0xFFFF, 0xFFFF, 0xFFFF, 0xFFFF, 0xFFFF, 0xFFFF, 0xFFFF, 0xFFFF,
    0xFFFF, 0xFFFF, 0xFFFF, 0xFFFF, 0xFFFF, 0xFFFF, 0xFFFF, 0xFFFF, 0xFFFF, 0xFFFF, 0xFFFF, 0xFFFF,
    0xFFFF, 0xFFFF, 0xFFFF, 0xFFFF, 0xFFFF, 0xFFFF, 0xFFFF, 0xFFFF, 0xFFFF, 0xFFFF, 0xFFFF, 0xFFFF,
    0xFFFF, 0xFFFF, 0xFFFF, 0xFFFF, 0xFFFF, 0xFFFF, 0xFFFF, 0xFFFF, 0xFFFF, 0xFFFF, 0xFFFF, 0xFFFF,
    0xFFFF, 0xFFFF, 0xFFFF, 0xFFFF, 0xFFFF, 0xFFFF, 0xFFFF, 0xFFFF, 0xFFFF, 0xFFFF, 0xFFFF, 0xFFFF,
    0xFFFF, 0xFFFF, 0xFFFF, 0xFFFF, 0xFFFF, 0xFFFF, 0xFFFF, 0xFFFF, 0xFFFF, 0xFFFF, 0xFFFF, 0xFFFF,
    0xFFFF, 0xFFFF, 0xFFFF, 0xFFFF, 0xFFFF, 0xFFFF, 0xFFFF, 0xFFFF, 0xFFFF, 0xFFFF, 0xFFFF, 0xFFFF,
    0xFFFF, 0xFFFF, 0xFFFF, 0xFFFF, 0xFFFF, 0xFFFF, 0xFFFF, 0xFFFF, 0xFFFF, 0xFFFF, 0xFFFF, 0xFFFF,
    0xFFFF, 0xFFFF, 0xFFFF, 0xFFFF, 0xFFFF, 0xFFFF, 0xFFFF, 0xFFFF, 0xFFFF, 0xFFFF, 0xFFFF, 0xFFFF,
    0xFFFF, 0xFFFF, 0xFFFF, 0xFFFF, 0xFFFF, 0xFFFF, 0xFFFF, 0xFFFF, 0xFFFF, 0xFFFF, 0xFFFF, 0xFFFF,
    0xFFFF, 0xFFFF, 0xFFFF, 0xFFFF, 0xFFFF, 0xFFFF, 0xFFFF, 0xFFFF, 0xFFFF, 0xFFFF, 0xFFFF, 0xFFFF,
    0xFFFF, 0xFFFF, 0xFFFF, 0xFFFF, 0xFFFF, 0xFFFF, 0xFFFF, 0xFFFF, 0xFFFF, 0xFFFF, 0xFFFF, 0xFFFF,
    0xFFFF, 0xFFFF, 0xFFFF, 0xFFFF, 0xFFFF, 0xFFFF, 0xFFFF, 0xFFFF, 0xFFFF, 0xFFFF, 0xFFFF, 0xFFFF,
    0xFFFF, 0xFFFF, 0xFFFF, 0xFFFF, 0xFFFF, 0xFFFF, 0xFFFF, 0xFFFF, 0xFFFF, 0xFFFF, 0xFFFF, 0xFFFF,
    0xFFFF, 0xFFFF, 0xFFFF, 0xFFFF, 0xFFFF, 0xFFFF, 0xFFFF, 0xFFFF, 0xFFFF, 0xFFFF, 0xFFFF, 0xFFFF,
    0xFFFF, 0xFFFF, 0xFFFF, 0xFFFF, 0xFFFF, 0xFFFF, 0xFFFF, 0xFFFF, 0xFFFF, 0xFFFF, 0xFFFF, 0xFFFF,
    0xFFFF, 0xFFFF, 0xFFFF, 0xFFFF, 0xFFFF, 0xFFFF, 0xFFFF, 0xFFFF, 0xFFFF, 0xFFFF, 0xFFFF, 0xFFFF,
    0xFFFF, 0xFFFF, 0xFFFF, 0xFFFF, 0xFFFF, 0xFFFF, 0xFFFF, 0xFFFF, 0xFFFF, 0xFFFF, 0xFFFF, 0xFFFF,
    0xFFFF, 0xFFFF, 0xFFFF, 0xFFFF, 0xFFFF, 0xFFFF, 0xFFFF, 0xFFFF, 0xFFFF, 0xFFFF, 0xFFFF, 0xFFFF,
    0xFFFF, 0xFFFF, 0xFFFF, 0xFFFF, 0xFFFF, 0xFFFF, 0xFFFF, 0xFFFF, 0xFFFF, 0xFFFF, 0xFFFF, 0xFFFF,
    0xFFFF, 0xFFFF, 0xFFFF, 0xFFFF, 0xFFFF, 0xFFFF, 0xFFFF, 0xFFFF, 0xFFFF, 0xFFFF, 0xFFFF, 0xFFFF,
    0xFFFF, 0xFFFF, 0xFFFF, 0xFFFF, 0xFFFF, 0xFFFF, 0xFFFF, 0xFFFF, 0xFFFF, 0xFFFF, 0xFFFF, 0xFFFF,
    0xFFFF, 0xFFFF, 0xFFFF, 0xFFFF, 0xFFFF, 0xFFFF, 0xFFFF, 0xFFFF, 0xFFFF, 0xFFFF, 0xFFFF, 0xFFFF,
    0xFFFF, 0xFFFF, 0xFFFF, 0xFFFF, 0xFFFF, 0xFFFF, 0xFFFF, 0xFFFF, 0xFFFF, 0xFFFF, 0xFFFF, 0xFFFF,
    0xFFFF, 0xFFFF, 0xFFFF, 0xFFFF, 0xFFFF, 0xFFFF, 0xFFFF, 0xFFFF, 0xFFFF, 0xFFFF, 0xFFFF, 0xFFFF,
    0xFFFF, 0xFFFF, 0xFFFF, 0xFFFF, 0xFFFF, 0xFFFF, 0xFFFF, 0xFFFF, 0xFFFF, 0xFFFF, 0xFFFF, 0xFFFF,
    0xFFFF, 0xFFFF, 0xFFFF, 0xFFFF, 0xFFFF, 0xFFFF, 0xFFFF, 0xFFFF, 0xFFFF, 0xFFFF, 0xFFFF, 0xFFFF,
    0xFFFF, 0xFFFF, 0xFFFF, 0xFFFF, 0xFFFF, 0xFFFF, 0xFFFF, 0xFFFF, 0xFFFF, 0xFFFF, 0xFFFF, 0xFFFF,
    0xFFFF, 0xFFFF, 0xFFFF, 0xFFFF, 0xFFFF, 0xFFFF, 0xFFFF, 0xFFFF, 0xFFFF, 0xFFFF, 0xFFFF, 0xFFFF,
    0xFFFF, 0xFFFF, 0xFFFF, 0xFFFF, 0xFFFF, 0xFFFF, 0xFFFF, 0xFFFF, 0xFFFF, 0xFFFF, 0xFFFF, 0xFFFF,
    0xFFFF, 0xFFFF, 0xFFFF, 0xFFFF, 0xFFFF, 0xFFFF, 0xFFFF, 0xFFFF, 0xFFFF, 0xFFFF, 0xFFFF, 0xFFFF,
    0xFFFF, 0xFFFF, 0xFFFF, 0xFFFF, 0xFFFF, 0xFFFF, 0xFFFF, 0xFFFF, 0xFFFF, 0xFFFF, 0xFFFF, 0xFFFF,
    0xFFFF, 0xFFFF, 0xFFFF, 0xFFFF, 0xFFFF, 0xFFFF, 0xFFFF, 0xFFFF, 0xFFFF, 0xFFFF, 0xFFFF, 0xFFFF,
    0xFFFF, 0xFFFF, 0xFFFF, 0xFFFF, 0xFFFF, 0xFFFF, 0xFFFF, 0xFFFF, 0xFFFF, 0xFFFF, 0xFFFF, 0xFFFF,
    0xFFFF, 0xFFFF, 0xFFFF, 0xFFFF, 0xFFFF, 0xFFFF, 0xFFFF, 0xFFFF, 0xFFFF, 0xFFFF, 0xFFFF, 0xFFFF,
    0xFFFF, 0xFFFF, 0xFFFF, 0xFFFF, 0xFFFF, 0xFFFF, 0xFFFF, 0xFFFF, 0xFFFF, 0xFFFF, 0xFFFF, 0xFFFF,
    0xFFFF, 0xFFFF, 0xFFFF, 0xFFFF, 0xFFFF, 0xFFFF, 0xFFFF, 0xFFFF, 0xFFFF, 0xFFFF, 0xFFFF, 0xFFFF,
    0xFFFF, 0xFFFF, 0xFFFF, 0xFFFF, 0xFFFF, 0xFFFF, 0xFFFF, 0xFFFF, 0xFFFF, 0xFFFF, 0xFFFF, 0xFFFF,
    0xFFFF, 0xFFFF, 0xFFFF, 0xFFFF, 0xFFFF, 0xFFFF, 0xFFFF, 0xFFFF, 0xFFFF, 0xFFFF, 0xFFFF, 0xFFFF,
    0xFFFF, 0xFFFF, 0xFFFF, 0xFFFF, 0xFFFF, 0xFFFF, 0xFFFF, 0xFFFF, 0xFFFF, 0xFFFF, 0xFFFF, 0xFFFF,
    0xFFFF, 0xFFFF, 0xFFFF, 0xFFFF, 0xFFFF, 0xFFFF, 0xFFFF, 0xFFFF, 0xFFFF, 0xFFFF, 0xFFFF, 0xFFFF,
    0xFFFF, 0xFFFF, 0xFFFF, 0xFFFF, 0xFFFF, 0xFFFF, 0xFFFF, 0xFFFF, 0xFFFF, 0xFFFF, 0xFFFF, 0xFFFF,
    0xFFFF, 0xFFFF, 0xFFFF, 0xFFFF, 0xFFFF, 0xFFFF, 0xFFFF, 0xFFFF, 0xFFFF, 0xFFFF, 0xFFFF, 0xFFFF,
    0xFFFF, 0xFFFF, 0xFFFF, 0xFFFF, 0xFFFF, 0xFFFF, 0xFFFF, 0xFFFF, 0xFFFF, 0xFFFF, 0xFFFF, 0xFFFF,
    0xFFFF, 0xFFFF
};
